# Blender 5.2.1 LTS
# www.blender.org
mtllib map.mtl
o map
v 19.104815 0.691748 1.000000
v 19.899900 0.540223 1.000000
v 20.328548 0.513110 1.000000
v 21.088779 0.123295 1.000000
v 21.312572 0.110787 1.000000
v 21.312572 0.110787 1.000000
v 21.088779 0.123295 1.000000
v 22.102818 -0.450916 1.000000
v 22.009653 -0.473810 1.000000
v 22.844545 -1.308169 1.000000
v 22.689640 -1.229058 1.000000
v 23.393667 -2.399241 1.000000
v 23.240442 -2.271327 1.000000
v 23.743931 -3.908868 1.000000
v 33.389481 1.131260 1.000000
v 23.884045 1.131260 1.000000
v 26.781233 -6.481945 1.000000
v -4.893732 1.645847 1.000000
v -4.883510 1.568201 1.000000
v -4.683097 1.131260 1.000000
v -22.259268 -31.529638 1.000000
v -19.397795 -32.327831 1.000000
v -19.397795 -31.261475 1.000000
v -27.482098 -7.815672 1.000000
v -28.655153 -8.068540 1.000000
v -23.655602 -31.261475 1.000000
v -19.397795 -25.991369 1.000000
v -21.032969 -26.343853 1.000000
v -23.655602 -31.261475 1.000000
v -27.524242 -7.620163 1.000000
v -27.482098 -7.815672 1.000000
v -26.282099 -7.556996 1.000000
v -25.327208 0.694319 1.000000
v -20.412197 -3.908868 1.000000
v -25.327208 1.131260 1.000000
v -20.412197 -3.808868 1.000000
v -27.482098 -7.815672 1.000000
v -23.655602 -31.261475 1.000000
v -26.282099 -7.556996 1.000000
v -21.032969 -26.343853 1.000000
v -25.040058 -7.289257 1.000000
v -34.327206 0.694319 1.000000
v -34.327206 -2.545681 1.000000
v -25.327208 0.694319 1.000000
v -30.127207 -2.545681 1.000000
v -36.763374 -8.493249 1.000000
v -36.494518 -9.662743 1.000000
v -29.161663 -6.745681 1.000000
v -28.892807 -7.915175 1.000000
v -8.896409 -27.595118 1.000000
v -18.612196 -3.908868 1.000000
v -19.067734 -6.481945 1.000000
v -28.892807 -7.915175 1.000000
v -27.524242 -7.620163 1.000000
v -29.161663 -6.745681 1.000000
v -26.282099 -7.556996 1.000000
v -30.127207 -2.545681 1.000000
v -26.325211 -7.356996 1.000000
v -25.327208 0.694319 1.000000
v -23.895479 -6.719840 1.000000
v -20.412197 -3.908868 1.000000
v -23.895479 -6.719840 1.000000
v -21.210711 -6.344089 1.000000
v -20.412197 -3.908868 1.000000
v -19.907248 -6.319551 1.000000
v -18.612196 -3.908868 1.000000
v -19.334593 -6.392796 1.000000
v -19.067734 -6.481945 1.000000
v -4.683097 -31.261475 1.000000
v -4.683097 -27.595118 1.000000
v -8.783510 -31.261475 1.000000
v -8.783510 -27.595118 1.000000
v -10.782684 -31.261475 1.000000
v -8.896409 -27.595118 1.000000
v -10.782684 -27.937899 1.000000
v -19.067734 -6.481945 1.000000
v -4.683097 -27.595118 1.000000
v -4.182684 -29.595118 1.000000
v -4.105038 -29.605339 1.000000
v -3.970552 -29.682985 1.000000
v -3.922876 -29.745117 1.000000
v -1.182684 -27.595118 1.000000
v -3.892906 -29.817472 1.000000
v -1.182684 -31.261475 1.000000
v -3.892906 -29.817472 1.000000
v -3.882684 -29.895117 1.000000
v -1.182684 -31.261475 1.000000
v -3.892906 -29.972763 1.000000
v -3.922876 -30.045118 1.000000
v -4.683097 -31.261475 1.000000
v -4.182684 -30.195118 1.000000
v -4.260330 -30.184895 1.000000
v -4.683097 -27.595118 1.000000
v -4.105038 -29.605339 1.000000
v -1.182684 -27.595118 1.000000
v -4.032684 -29.635309 1.000000
v -3.970552 -29.682985 1.000000
v -3.922876 -30.045118 1.000000
v -3.970552 -30.107250 1.000000
v -1.182684 -31.261475 1.000000
v -4.032684 -30.154924 1.000000
v -4.683097 -31.261475 1.000000
v -4.105038 -30.184895 1.000000
v -4.182684 -30.195118 1.000000
v -4.260330 -30.184895 1.000000
v -4.332684 -30.154924 1.000000
v -4.683097 -31.261475 1.000000
v -4.394816 -30.107250 1.000000
v -4.442492 -30.045118 1.000000
v -4.442492 -29.745117 1.000000
v -4.394816 -29.682985 1.000000
v -4.683097 -27.595118 1.000000
v -4.442492 -30.045118 1.000000
v -4.472462 -29.972763 1.000000
v -4.683097 -31.261475 1.000000
v -4.482684 -29.895117 1.000000
v -4.683097 -27.595118 1.000000
v -4.472462 -29.817472 1.000000
v -4.442492 -29.745117 1.000000
v -4.394816 -29.682985 1.000000
v -4.332684 -29.635309 1.000000
v -4.683097 -27.595118 1.000000
v -4.260330 -29.605339 1.000000
v -4.182684 -29.595118 1.000000
v 2.216903 -31.261475 1.000000
v 1.817316 -30.195118 1.000000
v 1.739670 -30.184895 1.000000
v 1.817316 -29.595118 1.000000
v 1.894962 -29.605339 1.000000
v 2.216903 -27.595118 1.000000
v 1.967316 -29.635309 1.000000
v 1.967316 -29.635309 1.000000
v 2.029448 -29.682985 1.000000
v 2.216903 -27.595118 1.000000
v 2.077124 -29.745117 1.000000
v 2.107094 -29.817472 1.000000
v 2.117316 -29.895117 1.000000
v 2.107094 -29.972763 1.000000
v 2.216903 -31.261475 1.000000
v 2.077124 -30.045118 1.000000
v 2.029448 -30.107250 1.000000
v 2.216903 -31.261475 1.000000
v 1.739670 -30.184895 1.000000
v -1.182684 -31.261475 1.000000
v 2.029448 -30.107250 1.000000
v 1.967316 -30.154924 1.000000
v 2.216903 -31.261475 1.000000
v 1.894962 -30.184895 1.000000
v 1.817316 -30.195118 1.000000
v 1.739670 -30.184895 1.000000
v 1.667316 -30.154924 1.000000
v -1.182684 -31.261475 1.000000
v 1.605184 -30.107250 1.000000
v 1.557508 -30.045118 1.000000
v 1.557508 -29.745117 1.000000
v 1.605184 -29.682985 1.000000
v -1.182684 -27.595118 1.000000
v 1.667316 -29.635309 1.000000
v 2.216903 -27.595118 1.000000
v 1.739670 -29.605339 1.000000
v 1.817316 -29.595118 1.000000
v 1.557508 -30.045118 1.000000
v 1.527538 -29.972763 1.000000
v -1.182684 -31.261475 1.000000
v 1.517316 -29.895117 1.000000
v -1.182684 -27.595118 1.000000
v 1.527538 -29.817472 1.000000
v 1.557508 -29.745117 1.000000
v 4.916903 -31.261475 1.000000
v 4.916903 -27.595118 1.000000
v 2.216903 -31.261475 1.000000
v 2.216903 -27.595118 1.000000
v 2.117316 -29.895117 1.000000
v 2.107094 -29.817472 1.000000
v 8.107094 -29.817472 1.000000
v 8.117316 -29.895117 1.000000
v 12.816490 -31.261475 1.000000
v 8.107094 -29.972763 1.000000
v 7.667316 -30.154924 1.000000
v 7.605184 -30.107250 1.000000
v 4.916903 -31.261475 1.000000
v 7.557508 -30.045118 1.000000
v 7.557508 -29.745117 1.000000
v 7.605184 -29.682985 1.000000
v 4.916903 -27.595118 1.000000
v 7.894962 -29.605339 1.000000
v 7.967316 -29.635309 1.000000
v 12.536035 -27.595118 1.000000
v 8.029449 -29.682985 1.000000
v 8.077124 -29.745117 1.000000
v 8.107094 -29.972763 1.000000
v 8.077124 -30.045118 1.000000
v 12.816490 -31.261475 1.000000
v 8.029449 -30.107250 1.000000
v 7.967316 -30.154924 1.000000
v 7.967316 -30.154924 1.000000
v 7.894962 -30.184895 1.000000
v 12.816490 -31.261475 1.000000
v 7.817316 -30.195118 1.000000
v 4.916903 -31.261475 1.000000
v 7.739670 -30.184895 1.000000
v 7.667316 -30.154924 1.000000
v 7.557508 -30.045118 1.000000
v 7.527538 -29.972763 1.000000
v 4.916903 -31.261475 1.000000
v 7.517316 -29.895117 1.000000
v 4.916903 -27.595118 1.000000
v 7.527538 -29.817472 1.000000
v 7.557508 -29.745117 1.000000
v 7.605184 -29.682985 1.000000
v 7.667316 -29.635309 1.000000
v 4.916903 -27.595118 1.000000
v 7.739670 -29.605339 1.000000
v 12.536035 -27.595118 1.000000
v 7.817316 -29.595118 1.000000
v 7.894962 -29.605339 1.000000
v 8.077124 -29.745117 1.000000
v 8.107094 -29.817472 1.000000
v 12.536035 -27.595118 1.000000
v 12.816490 -31.261475 1.000000
v 12.816490 -27.008057 1.000000
v 13.689232 -31.261475 1.000000
v 17.863459 -23.509262 1.000000
v 21.821465 0.004483 1.000000
v 22.750683 -0.814886 1.000000
v 23.884045 1.131260 1.000000
v 23.329283 -1.660876 1.000000
v 26.781233 -6.481945 1.000000
v 21.821465 0.004483 1.000000
v 23.884045 1.131260 1.000000
v 20.647978 0.613084 1.000000
v 20.016491 1.131260 1.000000
v 19.104815 0.994319 1.000000
v 12.816490 1.131260 1.000000
v 12.816490 0.994319 1.000000
v 12.816490 0.994319 1.000000
v 12.816490 1.131260 1.000000
v 4.916903 0.994319 1.000000
v 4.916903 1.131260 1.000000
v 2.216903 0.994319 1.000000
v 2.216903 1.131260 1.000000
v -1.182684 0.994319 1.000000
v -18.545130 -3.808868 1.000000
v -18.545130 0.691748 1.000000
v -20.412197 -3.808868 1.000000
v -20.412197 0.691748 1.000000
v -25.327208 1.131260 1.000000
v -20.412197 0.994319 1.000000
v -8.783510 1.131260 1.000000
v -8.783510 0.994319 1.000000
v -4.683097 1.131260 1.000000
v -4.683097 0.994319 1.000000
v -1.182684 1.131260 1.000000
v 30.463457 -23.509262 1.000000
v 30.463457 -21.709263 1.000000
v 23.884045 -23.509262 1.000000
v 23.884045 -21.709263 1.000000
v 20.016491 -23.509262 1.000000
v 20.016491 -21.709263 1.000000
v 17.863459 -23.509262 1.000000
v 18.830446 -21.709263 1.000000
v 12.816490 -27.008057 1.000000
v 20.016491 -19.437756 1.000000
v 23.851599 -3.908868 1.000000
v 26.781233 -6.481945 1.000000
v 23.725607 -2.744333 1.000000
v 23.329283 -1.660876 1.000000
v 13.217316 -32.137897 1.000000
v 13.689232 -31.261475 1.000000
v 12.816490 -32.137897 1.000000
v 12.816490 -31.261475 1.000000
v 4.916903 -32.137897 1.000000
v 4.916903 -31.261475 1.000000
v 2.216903 -32.137897 1.000000
v 2.216903 -31.261475 1.000000
v -1.182684 -32.137897 1.000000
v -1.182684 -31.261475 1.000000
v -4.683097 -32.137897 1.000000
v -4.683097 -31.261475 1.000000
v -8.783510 -32.137897 1.000000
v -8.783510 -31.261475 1.000000
v -10.782684 -32.137897 1.000000
v -10.782684 -31.261475 1.000000
v -23.597795 -31.529638 1.000000
v -22.259268 -31.529638 1.000000
v -23.655602 -31.261475 1.000000
v -19.397795 -31.261475 1.000000
v -19.397795 -25.991369 1.000000
v -13.207207 9.094318 1.000000
v -19.795643 1.780333 1.000000
v -19.733509 1.828009 1.000000
v -19.583509 1.868201 1.000000
v -19.505865 1.857979 1.000000
v -8.783510 9.094318 1.000000
v -19.433510 1.828009 1.000000
v -19.371378 1.780333 1.000000
v -19.283510 1.568201 1.000000
v -12.383510 1.268201 1.000000
v -12.461156 1.278424 1.000000
v -12.461156 1.278424 1.000000
v -12.533510 1.308394 1.000000
v -19.283510 1.568201 1.000000
v -12.595642 1.356069 1.000000
v -12.643317 1.418201 1.000000
v -8.783510 1.131260 1.000000
v -8.783510 9.094318 1.000000
v -12.123702 1.718201 1.000000
v -25.327208 9.094318 1.000000
v -25.327208 1.131260 1.000000
v -21.127207 9.094318 1.000000
v -20.527206 9.094318 1.000000
v -21.127207 11.494319 1.000000
v -20.527206 13.294318 1.000000
v -23.527206 11.494319 1.000000
v -23.527206 13.294318 1.000000
v -13.207207 9.094318 1.000000
v -19.733509 1.828009 1.000000
v -8.783510 9.094318 1.000000
v -19.661156 1.857979 1.000000
v -19.583509 1.868201 1.000000
v -12.123702 1.718201 1.000000
v -12.093732 1.645847 1.000000
v -8.783510 1.131260 1.000000
v -12.083510 1.568201 1.000000
v -12.093732 1.490556 1.000000
v -12.093732 1.490556 1.000000
v -12.123702 1.418201 1.000000
v -8.783510 1.131260 1.000000
v -12.171378 1.356069 1.000000
v -12.233510 1.308394 1.000000
v -25.327208 1.131260 1.000000
v -19.733509 1.308394 1.000000
v -19.795643 1.356069 1.000000
v -19.371378 1.780333 1.000000
v -19.323702 1.718201 1.000000
v -8.783510 9.094318 1.000000
v -12.595642 1.780333 1.000000
v -12.533510 1.828009 1.000000
v -12.533510 1.828009 1.000000
v -12.461156 1.857979 1.000000
v -8.783510 9.094318 1.000000
v -12.383510 1.868201 1.000000
v -12.305864 1.857979 1.000000
v -12.305864 1.857979 1.000000
v -12.233510 1.828009 1.000000
v -8.783510 9.094318 1.000000
v -12.171378 1.780333 1.000000
v -12.123702 1.718201 1.000000
v -19.283510 1.568201 1.000000
v -19.293732 1.490556 1.000000
v -12.383510 1.268201 1.000000
v -8.783510 1.131260 1.000000
v -12.305864 1.278424 1.000000
v -12.233510 1.308394 1.000000
v -19.795643 1.356069 1.000000
v -19.843317 1.418201 1.000000
v -25.327208 1.131260 1.000000
v -19.873287 1.490556 1.000000
v -19.883511 1.568201 1.000000
v -19.883511 1.568201 1.000000
v -19.873287 1.645847 1.000000
v -25.327208 1.131260 1.000000
v -19.843317 1.718201 1.000000
v -20.527206 9.094318 1.000000
v -19.795643 1.780333 1.000000
v -15.607207 9.094318 1.000000
v -13.207207 9.094318 1.000000
v -15.607207 33.094318 1.000000
v -13.207207 33.094318 1.000000
v -12.643317 1.418201 1.000000
v -12.673287 1.490556 1.000000
v -19.283510 1.568201 1.000000
v -12.683510 1.568201 1.000000
v -19.293732 1.645847 1.000000
v -12.673287 1.645847 1.000000
v -19.323702 1.718201 1.000000
v -12.643317 1.718201 1.000000
v -12.595642 1.780333 1.000000
v -19.293732 1.490556 1.000000
v -19.323702 1.418201 1.000000
v -8.783510 1.131260 1.000000
v -19.371378 1.356069 1.000000
v -19.433510 1.308394 1.000000
v -19.433510 1.308394 1.000000
v -19.505865 1.278424 1.000000
v -8.783510 1.131260 1.000000
v -19.583509 1.268201 1.000000
v -25.327208 1.131260 1.000000
v -19.661156 1.278424 1.000000
v -19.733509 1.308394 1.000000
v -4.683097 1.131260 1.000000
v -4.971378 1.356069 1.000000
v -5.033510 1.308394 1.000000
v -5.105864 1.857979 1.000000
v -5.033510 1.828009 1.000000
v -4.683097 9.094318 1.000000
v -4.971378 1.780333 1.000000
v -4.923702 1.718201 1.000000
v -4.883510 1.568201 1.000000
v -4.893732 1.490556 1.000000
v -4.683097 1.131260 1.000000
v -4.923702 1.418201 1.000000
v -4.971378 1.356069 1.000000
v -5.033510 1.308394 1.000000
v -5.105864 1.278424 1.000000
v -4.683097 1.131260 1.000000
v -5.183510 1.268201 1.000000
v -8.783510 1.131260 1.000000
v -5.261156 1.278424 1.000000
v -5.333510 1.308394 1.000000
v -5.333510 1.308394 1.000000
v -5.395642 1.356069 1.000000
v -8.783510 1.131260 1.000000
v -5.443317 1.418201 1.000000
v -5.473288 1.490556 1.000000
v -5.473288 1.490556 1.000000
v -5.483510 1.568201 1.000000
v -8.783510 1.131260 1.000000
v -5.473288 1.645847 1.000000
v -8.783510 9.094318 1.000000
v -5.443317 1.718201 1.000000
v -5.395642 1.780333 1.000000
v -5.395642 1.780333 1.000000
v -5.333510 1.828009 1.000000
v -8.783510 9.094318 1.000000
v -5.261156 1.857979 1.000000
v -4.683097 9.094318 1.000000
v -5.183510 1.868201 1.000000
v -5.105864 1.857979 1.000000
v -1.182684 1.131260 1.000000
v -1.182684 9.094318 1.000000
v -4.683097 1.131260 1.000000
v -4.683097 9.094318 1.000000
v -4.893732 1.645847 1.000000
v -4.923702 1.718201 1.000000
v 1.938844 1.278424 1.000000
v 1.866490 1.308394 1.000000
v -1.182684 1.131260 1.000000
v 2.166490 1.308394 1.000000
v 2.094136 1.278424 1.000000
v 2.216903 1.131260 1.000000
v 2.016490 1.268201 1.000000
v -4.683097 0.994319 1.000000
v -1.182684 0.994319 1.000000
v -1.182684 1.131260 1.000000
v 2.216903 1.131260 1.000000
v 1.938844 1.278424 1.000000
v 2.016490 1.268201 1.000000
v 1.866490 1.308394 1.000000
v 1.804358 1.356069 1.000000
v -1.182684 1.131260 1.000000
v 1.756682 1.418201 1.000000
v 1.726712 1.490556 1.000000
v 1.726712 1.490556 1.000000
v 1.716490 1.568201 1.000000
v -1.182684 1.131260 1.000000
v 1.726712 1.645847 1.000000
v -1.182684 9.094318 1.000000
v 1.756682 1.718201 1.000000
v 1.804358 1.780333 1.000000
v 1.804358 1.780333 1.000000
v 1.866490 1.828009 1.000000
v -1.182684 9.094318 1.000000
v 1.938844 1.857979 1.000000
v 2.216903 9.094318 1.000000
v 2.016490 1.868201 1.000000
v 2.094136 1.857979 1.000000
v 2.316490 1.568201 1.000000
v 2.306268 1.490556 1.000000
v 4.916903 1.131260 1.000000
v 2.276298 1.418201 1.000000
v 2.216903 1.131260 1.000000
v 2.228622 1.356069 1.000000
v 2.166490 1.308394 1.000000
v 2.094136 1.857979 1.000000
v 2.166490 1.828009 1.000000
v 2.216903 9.094318 1.000000
v 2.228622 1.780333 1.000000
v 4.916903 9.094318 1.000000
v 2.276298 1.718201 1.000000
v 4.916903 1.131260 1.000000
v 2.306268 1.645847 1.000000
v 2.316490 1.568201 1.000000
v 9.066490 1.308394 1.000000
v 9.004358 1.356069 1.000000
v 4.916903 1.131260 1.000000
v 8.956682 1.418201 1.000000
v 8.926712 1.490556 1.000000
v 12.816490 1.131260 1.000000
v 9.516490 1.568201 1.000000
v 9.506268 1.490556 1.000000
v 9.506268 1.490556 1.000000
v 9.476297 1.418201 1.000000
v 12.816490 1.131260 1.000000
v 9.428622 1.356069 1.000000
v 9.366490 1.308394 1.000000
v 12.816490 9.094318 1.000000
v 9.476297 1.718201 1.000000
v 12.816490 1.131260 1.000000
v 9.506268 1.645847 1.000000
v 9.516490 1.568201 1.000000
v 8.926712 1.490556 1.000000
v 8.916490 1.568201 1.000000
v 4.916903 1.131260 1.000000
v 8.926712 1.645847 1.000000
v 4.916903 9.094318 1.000000
v 8.956682 1.718201 1.000000
v 9.004358 1.780333 1.000000
v 9.294136 1.857979 1.000000
v 9.366490 1.828009 1.000000
v 12.816490 9.094318 1.000000
v 9.428622 1.780333 1.000000
v 9.476297 1.718201 1.000000
v 9.366490 1.308394 1.000000
v 9.294136 1.278424 1.000000
v 12.816490 1.131260 1.000000
v 9.216490 1.268201 1.000000
v 4.916903 1.131260 1.000000
v 9.138844 1.278424 1.000000
v 9.066490 1.308394 1.000000
v 9.004358 1.780333 1.000000
v 9.066490 1.828009 1.000000
v 4.916903 9.094318 1.000000
v 9.138844 1.857979 1.000000
v 12.816490 9.094318 1.000000
v 9.216490 1.868201 1.000000
v 9.294136 1.857979 1.000000
v 20.016491 1.131260 1.000000
v 16.716490 1.568201 1.000000
v 16.706268 1.490556 1.000000
v 16.706268 1.490556 1.000000
v 16.676298 1.418201 1.000000
v 20.016491 1.131260 1.000000
v 16.628622 1.356069 1.000000
v 16.566490 1.308394 1.000000
v 16.266491 1.308394 1.000000
v 16.204357 1.356069 1.000000
v 12.816490 1.131260 1.000000
v 16.156683 1.418201 1.000000
v 16.126713 1.490556 1.000000
v 16.494135 1.857979 1.000000
v 16.566490 1.828009 1.000000
v 20.016491 9.094318 1.000000
v 16.566490 1.308394 1.000000
v 16.494135 1.278424 1.000000
v 20.016491 1.131260 1.000000
v 16.416491 1.268201 1.000000
v 12.816490 1.131260 1.000000
v 16.338844 1.278424 1.000000
v 16.266491 1.308394 1.000000
v 16.126713 1.490556 1.000000
v 16.116489 1.568201 1.000000
v 12.816490 1.131260 1.000000
v 16.126713 1.645847 1.000000
v 12.816490 9.094318 1.000000
v 16.156683 1.718201 1.000000
v 16.204357 1.780333 1.000000
v 16.566490 1.828009 1.000000
v 16.628622 1.780333 1.000000
v 20.016491 9.094318 1.000000
v 16.676298 1.718201 1.000000
v 20.016491 1.131260 1.000000
v 16.706268 1.645847 1.000000
v 16.716490 1.568201 1.000000
v 16.204357 1.780333 1.000000
v 16.266491 1.828009 1.000000
v 12.816490 9.094318 1.000000
v 16.338844 1.857979 1.000000
v 20.016491 9.094318 1.000000
v 16.416491 1.868201 1.000000
v 16.494135 1.857979 1.000000
v 23.884045 33.094318 1.000000
v 23.392794 33.094318 1.000000
v 23.392794 9.094318 1.000000
v 23.404358 1.356069 1.000000
v 23.356682 1.418201 1.000000
v 20.016491 1.131260 1.000000
v 23.326712 1.490556 1.000000
v 23.694136 1.857979 1.000000
v 23.766491 1.828009 1.000000
v 23.392794 9.094318 1.000000
v 23.876297 1.418201 1.000000
v 23.828623 1.356069 1.000000
v 23.884045 1.131260 1.000000
v 23.766491 1.308394 1.000000
v 23.694136 1.278424 1.000000
v 23.326712 1.490556 1.000000
v 23.316490 1.568201 1.000000
v 20.016491 1.131260 1.000000
v 23.326712 1.645847 1.000000
v 20.016491 9.094318 1.000000
v 23.356682 1.718201 1.000000
v 23.404358 1.780333 1.000000
v 23.766491 1.828009 1.000000
v 23.828623 1.780333 1.000000
v 23.392794 9.094318 1.000000
v 23.876297 1.718201 1.000000
v 23.884045 33.094318 1.000000
v 23.694136 1.278424 1.000000
v 23.616489 1.268201 1.000000
v 23.884045 1.131260 1.000000
v 23.538845 1.278424 1.000000
v 20.016491 1.131260 1.000000
v 23.466490 1.308394 1.000000
v 23.404358 1.356069 1.000000
v 23.404358 1.780333 1.000000
v 23.466490 1.828009 1.000000
v 20.016491 9.094318 1.000000
v 23.538845 1.857979 1.000000
v 23.392794 9.094318 1.000000
v 23.616489 1.868201 1.000000
v 23.694136 1.857979 1.000000
v 39.472794 3.694319 1.000000
v 39.472794 9.094318 1.000000
v 35.614212 3.694319 1.000000
v 32.272793 9.094318 1.000000
v 33.389481 1.131260 1.000000
v 32.272793 16.294319 1.000000
v 29.992792 16.294319 1.000000
v 32.272793 9.094318 1.000000
v 29.992792 9.094318 1.000000
v 33.389481 1.131260 1.000000
v 32.272793 9.094318 1.000000
v 23.884045 1.131260 1.000000
v 23.906267 1.490556 1.000000
v 23.876297 1.418201 1.000000
v 25.792793 33.094318 1.000000
v 23.884045 33.094318 1.000000
v 25.792793 9.094318 1.000000
v 23.876297 1.718201 1.000000
v 29.992792 9.094318 1.000000
v 23.906267 1.645847 1.000000
v 32.272793 9.094318 1.000000
v 23.916491 1.568201 1.000000
v 23.906267 1.490556 1.000000
v 30.792793 34.094318 -1.000000
v 22.009653 -0.473810 -1.000000
v 21.088779 0.123295 -1.000000
v 22.009653 -0.473810 -1.000000
v 30.792793 34.094318 -1.000000
v 22.689640 -1.229058 -1.000000
v 50.208263 -2.545681 -1.000000
v 23.240442 -2.271327 -1.000000
v 21.088779 0.123295 -1.000000
v 19.899900 0.540223 -1.000000
v 30.792793 34.094318 -1.000000
v 19.104815 0.691748 -1.000000
v -20.607206 34.094318 -1.000000
v -18.545130 0.691748 -1.000000
v -40.022678 -2.545681 -1.000000
v -18.545130 -3.808868 -1.000000
v -26.362099 -42.794647 -1.000000
v -8.829342 -27.495117 -1.000000
v 36.547684 -42.794647 -1.000000
v 12.476141 -27.495117 -1.000000
v 50.208263 -2.545681 -1.000000
v 23.743931 -3.908868 -1.000000
v 23.240442 -2.271327 -1.000000
v 30.786774 34.084320 11.000000
v 30.792793 34.094318 11.000000
v -20.601189 34.084320 11.000000
v -20.607206 34.094318 11.000000
v -40.011822 -2.546552 11.000000
v -40.022678 -2.545681 11.000000
v -26.354933 -42.784645 11.000000
v -26.362099 -42.794647 11.000000
v 36.540516 -42.784645 11.000000
v 36.547684 -42.794647 11.000000
v 50.197407 -2.546552 11.000000
v 50.208263 -2.545681 11.000000
v 30.786774 34.084320 11.000000
v 30.792793 34.094318 11.000000
v -22.515902 -6.486105 11.000000
v -21.814804 -6.409107 11.000000
v -21.846884 -6.402520 11.000000
v -21.253088 -6.357283 11.000000
v -21.210711 -6.344089 11.000000
v -20.526009 -6.320617 11.000000
v -20.513157 -6.310354 11.000000
v -20.095160 -6.321552 11.000000
v -19.907248 -6.319551 11.000000
v -19.664501 -6.349468 11.000000
v -19.597330 -6.347321 11.000000
v -26.325211 -7.356996 11.000000
v -25.991432 -7.256480 11.000000
v -25.774797 -7.179192 11.000000
v -25.667217 -7.157779 11.000000
v -25.178091 -7.012438 11.000000
v -19.597330 -6.347321 11.000000
v -19.664501 -6.349468 11.000000
v -19.334593 -6.392796 11.000000
v -19.184319 -6.445238 11.000000
v -19.067734 -6.481945 11.000000
v -19.075647 -6.489214 11.000000
v -10.782684 -27.937899 11.000000
v -10.792684 -27.939762 11.000000
v -10.782684 -32.137897 11.000000
v -10.792684 -32.147900 11.000000
v 13.217316 -32.137897 11.000000
v 13.223289 -32.147900 11.000000
v 17.863459 -23.509262 11.000000
v 17.869431 -23.519262 11.000000
v 30.463457 -23.509262 11.000000
v 30.473457 -23.519262 11.000000
v 30.463457 -21.709263 11.000000
v 30.473457 -21.699263 11.000000
v 18.830446 -21.709263 11.000000
v 18.846949 -21.699263 11.000000
v 26.781233 -6.481945 11.000000
v 26.789555 -6.487614 11.000000
v 35.614212 3.694319 11.000000
v 35.618774 3.684319 11.000000
v 39.472794 3.694319 11.000000
v 39.482792 3.684319 11.000000
v 39.472794 9.094318 11.000000
v 39.482792 9.104319 11.000000
v 32.272793 9.094318 11.000000
v 32.282791 9.104319 11.000000
v 32.272793 16.294319 11.000000
v 32.282791 16.304319 11.000000
v 29.992792 16.294319 11.000000
v 29.982794 16.304319 11.000000
v 29.992792 9.094318 11.000000
v 29.982794 9.104319 11.000000
v 25.792793 9.094318 11.000000
v 25.802794 9.104319 11.000000
v 25.792793 33.094318 11.000000
v 25.802794 33.104317 11.000000
v 23.392794 33.094318 11.000000
v 23.382793 33.104317 11.000000
v 23.392794 9.094318 11.000000
v 23.382793 9.104319 11.000000
v -13.207207 9.094318 11.000000
v -13.197207 9.104319 11.000000
v -13.207207 33.094318 11.000000
v -13.197207 33.104317 11.000000
v -15.607207 33.094318 11.000000
v -15.617208 33.104317 11.000000
v -15.607207 9.094318 11.000000
v -15.617208 9.104319 11.000000
v -20.527206 9.094318 11.000000
v -20.517206 9.104319 11.000000
v -20.527206 13.294318 11.000000
v -20.517206 13.304318 11.000000
v -23.527206 13.294318 11.000000
v -23.537207 13.304318 11.000000
v -23.527206 11.494319 11.000000
v -23.537207 11.484319 11.000000
v -21.127207 11.494319 11.000000
v -21.137207 11.484319 11.000000
v -21.127207 9.094318 11.000000
v -21.137207 9.104319 11.000000
v -25.327208 9.094318 11.000000
v -25.337208 9.104319 11.000000
v -25.327208 0.694319 11.000000
v -25.337208 0.704319 11.000000
v -34.327206 0.694319 11.000000
v -34.337208 0.704319 11.000000
v -34.327206 -2.545681 11.000000
v -34.337208 -2.555681 11.000000
v -30.127207 -2.545681 11.000000
v -30.135170 -2.555681 11.000000
v -29.161663 -6.745681 11.000000
v -29.173649 -6.738176 11.000000
v -36.763374 -8.493249 11.000000
v -36.775360 -8.485744 11.000000
v -36.494518 -9.662743 11.000000
v -36.502022 -9.674729 11.000000
v -28.892807 -7.915175 11.000000
v -28.890633 -7.924936 11.000000
v -27.524242 -7.620163 11.000000
v -27.531912 -7.632046 11.000000
v -27.482098 -7.815672 11.000000
v -27.493980 -7.808004 11.000000
v -28.655153 -8.068540 11.000000
v -28.667036 -8.060872 11.000000
v -23.597795 -31.529638 11.000000
v -23.605869 -31.539639 11.000000
v -22.259268 -31.529638 11.000000
v -22.260635 -31.539639 11.000000
v -19.397795 -32.327831 11.000000
v -19.387794 -32.341000 11.000000
v -19.397795 -25.991369 11.000000
v -19.387794 -25.978983 11.000000
v -21.032969 -26.343853 11.000000
v -21.025251 -26.331959 11.000000
v -25.040058 -7.289257 11.000000
v -25.032341 -7.277364 11.000000
v -26.282099 -7.556996 11.000000
v -26.274429 -7.545113 11.000000
v -26.325211 -7.356996 11.000000
v -26.313574 -7.363528 11.000000
v -25.991432 -7.256480 11.000000
v -25.667217 -7.157779 11.000000
v -25.013752 -6.980652 11.000000
v -25.178091 -7.012438 11.000000
v -24.263298 -6.806027 11.000000
v -23.895479 -6.719840 11.000000
v -23.506721 -6.656057 11.000000
v -22.515902 -6.486105 11.000000
v -22.662769 -6.517270 11.000000
v -21.814804 -6.409107 11.000000
v -40.022678 -2.545681 -1.000000
v -40.022678 -2.545681 11.000000
v -20.607206 34.094318 -1.000000
v -20.607206 34.094318 11.000000
v -26.362099 -42.794647 -1.000000
v -26.362099 -42.794647 11.000000
v -40.022678 -2.545681 -1.000000
v -40.022678 -2.545681 11.000000
v 36.547684 -42.794647 -1.000000
v 36.547684 -42.794647 11.000000
v -26.362099 -42.794647 -1.000000
v -26.362099 -42.794647 11.000000
v 50.208263 -2.545681 -1.000000
v 50.208263 -2.545681 11.000000
v 36.547684 -42.794647 -1.000000
v 36.547684 -42.794647 11.000000
v 30.792793 34.094318 -1.000000
v 30.792793 34.094318 11.000000
v 50.208263 -2.545681 -1.000000
v 50.208263 -2.545681 11.000000
v -20.607206 34.094318 -1.000000
v -20.607206 34.094318 11.000000
v 30.792793 34.094318 -1.000000
v 30.792793 34.094318 11.000000
v 26.781233 -6.481945 1.000000
v 26.781233 -6.481945 11.000000
v 33.389481 1.131260 1.000000
v 35.614212 3.694319 11.000000
v 35.614212 3.694319 1.000000
v 35.614212 3.694319 11.000000
v 39.472794 3.694319 11.000000
v 35.614212 3.694319 1.000000
v 39.472794 3.694319 1.000000
v 39.472794 3.694319 11.000000
v 39.472794 9.094318 11.000000
v 39.472794 3.694319 1.000000
v 39.472794 9.094318 1.000000
v 39.472794 9.094318 11.000000
v 32.272793 9.094318 11.000000
v 39.472794 9.094318 1.000000
v 32.272793 9.094318 1.000000
v 32.272793 9.094318 11.000000
v 32.272793 16.294319 11.000000
v 32.272793 9.094318 1.000000
v 32.272793 16.294319 1.000000
v 32.272793 16.294319 11.000000
v 29.992792 16.294319 11.000000
v 32.272793 16.294319 1.000000
v 29.992792 16.294319 1.000000
v 29.992792 16.294319 11.000000
v 29.992792 9.094318 11.000000
v 29.992792 16.294319 1.000000
v 29.992792 9.094318 1.000000
v 29.992792 9.094318 11.000000
v 25.792793 9.094318 11.000000
v 29.992792 9.094318 1.000000
v 25.792793 9.094318 1.000000
v 25.792793 9.094318 11.000000
v 25.792793 33.094318 11.000000
v 25.792793 9.094318 1.000000
v 25.792793 33.094318 1.000000
v 25.792793 33.094318 1.000000
v 25.792793 33.094318 11.000000
v 23.884045 33.094318 1.000000
v 23.392794 33.094318 11.000000
v 23.392794 33.094318 1.000000
v 23.392794 33.094318 11.000000
v 23.392794 9.094318 11.000000
v 23.392794 33.094318 1.000000
v 23.392794 9.094318 1.000000
v -13.207207 9.094318 11.000000
v -13.207207 33.094318 11.000000
v -13.207207 9.094318 1.000000
v -13.207207 33.094318 1.000000
v -13.207207 33.094318 11.000000
v -15.607207 33.094318 11.000000
v -13.207207 33.094318 1.000000
v -15.607207 33.094318 1.000000
v -15.607207 33.094318 11.000000
v -15.607207 9.094318 11.000000
v -15.607207 33.094318 1.000000
v -15.607207 9.094318 1.000000
v -15.607207 9.094318 11.000000
v -20.527206 9.094318 11.000000
v -15.607207 9.094318 1.000000
v -20.527206 9.094318 1.000000
v -20.527206 9.094318 11.000000
v -20.527206 13.294318 11.000000
v -20.527206 9.094318 1.000000
v -20.527206 13.294318 1.000000
v -20.527206 13.294318 11.000000
v -23.527206 13.294318 11.000000
v -20.527206 13.294318 1.000000
v -23.527206 13.294318 1.000000
v -23.527206 13.294318 11.000000
v -23.527206 11.494319 11.000000
v -23.527206 13.294318 1.000000
v -23.527206 11.494319 1.000000
v -23.527206 11.494319 11.000000
v -21.127207 11.494319 11.000000
v -23.527206 11.494319 1.000000
v -21.127207 11.494319 1.000000
v -21.127207 11.494319 11.000000
v -21.127207 9.094318 11.000000
v -21.127207 11.494319 1.000000
v -21.127207 9.094318 1.000000
v -21.127207 9.094318 11.000000
v -25.327208 9.094318 11.000000
v -21.127207 9.094318 1.000000
v -25.327208 9.094318 1.000000
v -25.327208 9.094318 1.000000
v -25.327208 9.094318 11.000000
v -25.327208 1.131260 1.000000
v -25.327208 0.694319 11.000000
v -25.327208 0.694319 1.000000
v -25.327208 0.694319 11.000000
v -34.327206 0.694319 11.000000
v -25.327208 0.694319 1.000000
v -34.327206 0.694319 1.000000
v -34.327206 0.694319 11.000000
v -34.327206 -2.545681 11.000000
v -34.327206 0.694319 1.000000
v -34.327206 -2.545681 1.000000
v -34.327206 -2.545681 11.000000
v -30.127207 -2.545681 11.000000
v -34.327206 -2.545681 1.000000
v -30.127207 -2.545681 1.000000
v -30.127207 -2.545681 11.000000
v -29.161663 -6.745681 11.000000
v -30.127207 -2.545681 1.000000
v -29.161663 -6.745681 1.000000
v -29.161663 -6.745681 11.000000
v -36.763374 -8.493249 11.000000
v -29.161663 -6.745681 1.000000
v -36.763374 -8.493249 1.000000
v -36.763374 -8.493249 11.000000
v -36.494518 -9.662743 11.000000
v -36.763374 -8.493249 1.000000
v -36.494518 -9.662743 1.000000
v -36.494518 -9.662743 11.000000
v -28.892807 -7.915175 11.000000
v -36.494518 -9.662743 1.000000
v -28.892807 -7.915175 1.000000
v -28.892807 -7.915175 11.000000
v -27.524242 -7.620163 11.000000
v -28.892807 -7.915175 1.000000
v -27.524242 -7.620163 1.000000
v -27.524242 -7.620163 11.000000
v -27.482098 -7.815672 11.000000
v -27.524242 -7.620163 1.000000
v -27.482098 -7.815672 1.000000
v -27.482098 -7.815672 11.000000
v -28.655153 -8.068540 11.000000
v -27.482098 -7.815672 1.000000
v -28.655153 -8.068540 1.000000
v -28.655153 -8.068540 1.000000
v -28.655153 -8.068540 11.000000
v -23.655602 -31.261475 1.000000
v -23.597795 -31.529638 11.000000
v -23.597795 -31.529638 1.000000
v -23.597795 -31.529638 11.000000
v -22.259268 -31.529638 11.000000
v -23.597795 -31.529638 1.000000
v -22.259268 -31.529638 1.000000
v -22.259268 -31.529638 11.000000
v -19.397795 -32.327831 11.000000
v -22.259268 -31.529638 1.000000
v -19.397795 -32.327831 1.000000
v -19.397795 -32.327831 1.000000
v -19.397795 -32.327831 11.000000
v -19.397795 -31.261475 1.000000
v -19.397795 -25.991369 11.000000
v -19.397795 -25.991369 1.000000
v -19.397795 -25.991369 11.000000
v -21.032969 -26.343853 11.000000
v -19.397795 -25.991369 1.000000
v -21.032969 -26.343853 1.000000
v -21.032969 -26.343853 11.000000
v -25.040058 -7.289257 11.000000
v -21.032969 -26.343853 1.000000
v -25.040058 -7.289257 1.000000
v -25.040058 -7.289257 11.000000
v -26.282099 -7.556996 11.000000
v -25.040058 -7.289257 1.000000
v -26.282099 -7.556996 1.000000
v -26.282099 -7.556996 11.000000
v -26.325211 -7.356996 11.000000
v -26.282099 -7.556996 1.000000
v -26.325211 -7.356996 1.000000
v -19.067734 -6.481945 11.000000
v -19.067734 -6.481945 1.000000
v -19.334593 -6.392796 1.000000
v -19.907248 -6.319551 1.000000
v -19.597330 -6.347321 11.000000
v -19.334593 -6.392796 1.000000
v -19.334593 -6.392796 11.000000
v -19.067734 -6.481945 11.000000
v -21.846884 -6.402520 11.000000
v -21.210711 -6.344089 11.000000
v -21.210711 -6.344089 1.000000
v -20.513157 -6.310354 11.000000
v -19.907248 -6.319551 1.000000
v -19.907248 -6.319551 11.000000
v -19.597330 -6.347321 11.000000
v -26.325211 -7.356996 11.000000
v -25.774797 -7.179192 11.000000
v -26.325211 -7.356996 1.000000
v -25.178091 -7.012438 11.000000
v -23.895479 -6.719840 1.000000
v -23.895479 -6.719840 11.000000
v -21.210711 -6.344089 1.000000
v -22.515902 -6.486105 11.000000
v -21.846884 -6.402520 11.000000
v -19.067734 -6.481945 11.000000
v -10.782684 -27.937899 11.000000
v -19.067734 -6.481945 1.000000
v -10.782684 -27.937899 1.000000
v -10.782684 -27.937899 1.000000
v -10.782684 -27.937899 11.000000
v -10.782684 -31.261475 1.000000
v -10.782684 -32.137897 11.000000
v -10.782684 -32.137897 1.000000
v 13.217316 -32.137897 1.000000
v 13.217316 -32.137897 11.000000
v 13.689232 -31.261475 1.000000
v 17.863459 -23.509262 11.000000
v 17.863459 -23.509262 1.000000
v 17.863459 -23.509262 11.000000
v 30.463457 -23.509262 11.000000
v 30.463457 -23.509262 1.000000
v 30.463457 -23.509262 1.000000
v 23.884045 -23.509262 1.000000
v 17.863459 -23.509262 11.000000
v 20.016491 -23.509262 1.000000
v 17.863459 -23.509262 1.000000
v 30.463457 -23.509262 11.000000
v 30.463457 -21.709263 11.000000
v 30.463457 -23.509262 1.000000
v 30.463457 -21.709263 1.000000
v 30.463457 -21.709263 1.000000
v 30.463457 -21.709263 11.000000
v 23.884045 -21.709263 1.000000
v 18.830446 -21.709263 11.000000
v 20.016491 -21.709263 1.000000
v 18.830446 -21.709263 1.000000
v 18.830446 -21.709263 1.000000
v 18.830446 -21.709263 11.000000
v 20.016491 -19.437756 1.000000
v 26.781233 -6.481945 11.000000
v 26.781233 -6.481945 1.000000
v 23.316490 1.568201 1.000000
v 23.326712 1.645847 11.000000
v 23.326712 1.645847 1.000000
v 23.356682 1.718201 11.000000
v 23.356682 1.718201 1.000000
v 23.404358 1.780333 11.000000
v 23.404358 1.780333 1.000000
v 23.466490 1.828009 11.000000
v 23.466490 1.828009 1.000000
v 23.538845 1.857979 11.000000
v 23.538845 1.857979 1.000000
v 23.616489 1.868201 11.000000
v 23.616489 1.868201 1.000000
v 23.694136 1.857979 11.000000
v 23.694136 1.857979 1.000000
v 23.766491 1.828009 11.000000
v 23.766491 1.828009 1.000000
v 23.828623 1.780333 11.000000
v 23.828623 1.780333 1.000000
v 23.876297 1.718201 11.000000
v 23.876297 1.718201 1.000000
v 23.906267 1.645847 11.000000
v 23.906267 1.645847 1.000000
v 23.916491 1.568201 11.000000
v 23.916491 1.568201 1.000000
v 23.906267 1.490556 11.000000
v 23.906267 1.490556 1.000000
v 23.876297 1.418201 11.000000
v 23.876297 1.418201 1.000000
v 23.828623 1.356069 11.000000
v 23.828623 1.356069 1.000000
v 23.766491 1.308394 11.000000
v 23.766491 1.308394 1.000000
v 23.694136 1.278424 11.000000
v 23.694136 1.278424 1.000000
v 23.616489 1.268201 11.000000
v 23.616489 1.268201 1.000000
v 23.538845 1.278424 11.000000
v 23.538845 1.278424 1.000000
v 23.466490 1.308394 11.000000
v 23.466490 1.308394 1.000000
v 23.404358 1.356069 11.000000
v 23.404358 1.356069 1.000000
v 23.356682 1.418201 11.000000
v 23.356682 1.418201 1.000000
v 23.326712 1.490556 11.000000
v 23.326712 1.490556 1.000000
v 23.316490 1.568201 11.000000
v 23.316490 1.568201 1.000000
v 23.326712 1.645847 11.000000
v 23.876297 1.418201 11.000000
v 23.906267 1.490556 11.000000
v 23.616489 1.568201 11.000000
v 23.916491 1.568201 11.000000
v 23.906267 1.645847 11.000000
v 23.694136 1.278424 11.000000
v 23.766491 1.308394 11.000000
v 23.616489 1.568201 11.000000
v 23.828623 1.356069 11.000000
v 23.876297 1.418201 11.000000
v 23.466490 1.308394 11.000000
v 23.538845 1.278424 11.000000
v 23.616489 1.568201 11.000000
v 23.616489 1.268201 11.000000
v 23.694136 1.278424 11.000000
v 23.326712 1.490556 11.000000
v 23.356682 1.418201 11.000000
v 23.616489 1.568201 11.000000
v 23.404358 1.356069 11.000000
v 23.466490 1.308394 11.000000
v 23.356682 1.718201 11.000000
v 23.326712 1.645847 11.000000
v 23.616489 1.568201 11.000000
v 23.316490 1.568201 11.000000
v 23.326712 1.490556 11.000000
v 23.538845 1.857979 11.000000
v 23.466490 1.828009 11.000000
v 23.616489 1.568201 11.000000
v 23.404358 1.780333 11.000000
v 23.356682 1.718201 11.000000
v 23.766491 1.828009 11.000000
v 23.694136 1.857979 11.000000
v 23.616489 1.568201 11.000000
v 23.616489 1.868201 11.000000
v 23.538845 1.857979 11.000000
v 23.906267 1.645847 11.000000
v 23.876297 1.718201 11.000000
v 23.616489 1.568201 11.000000
v 23.828623 1.780333 11.000000
v 23.766491 1.828009 11.000000
v 16.116489 1.568201 1.000000
v 16.126713 1.645847 11.000000
v 16.126713 1.645847 1.000000
v 16.156683 1.718201 11.000000
v 16.156683 1.718201 1.000000
v 16.204357 1.780333 11.000000
v 16.204357 1.780333 1.000000
v 16.266491 1.828009 11.000000
v 16.266491 1.828009 1.000000
v 16.338844 1.857979 11.000000
v 16.338844 1.857979 1.000000
v 16.416491 1.868201 11.000000
v 16.416491 1.868201 1.000000
v 16.494135 1.857979 11.000000
v 16.494135 1.857979 1.000000
v 16.566490 1.828009 11.000000
v 16.566490 1.828009 1.000000
v 16.628622 1.780333 11.000000
v 16.628622 1.780333 1.000000
v 16.676298 1.718201 11.000000
v 16.676298 1.718201 1.000000
v 16.706268 1.645847 11.000000
v 16.706268 1.645847 1.000000
v 16.716490 1.568201 11.000000
v 16.716490 1.568201 1.000000
v 16.706268 1.490556 11.000000
v 16.706268 1.490556 1.000000
v 16.676298 1.418201 11.000000
v 16.676298 1.418201 1.000000
v 16.628622 1.356069 11.000000
v 16.628622 1.356069 1.000000
v 16.566490 1.308394 11.000000
v 16.566490 1.308394 1.000000
v 16.494135 1.278424 11.000000
v 16.494135 1.278424 1.000000
v 16.416491 1.268201 11.000000
v 16.416491 1.268201 1.000000
v 16.338844 1.278424 11.000000
v 16.338844 1.278424 1.000000
v 16.266491 1.308394 11.000000
v 16.266491 1.308394 1.000000
v 16.204357 1.356069 11.000000
v 16.204357 1.356069 1.000000
v 16.156683 1.418201 11.000000
v 16.156683 1.418201 1.000000
v 16.126713 1.490556 11.000000
v 16.126713 1.490556 1.000000
v 16.116489 1.568201 11.000000
v 16.116489 1.568201 1.000000
v 16.126713 1.645847 11.000000
v 16.676298 1.418201 11.000000
v 16.706268 1.490556 11.000000
v 16.416491 1.568201 11.000000
v 16.716490 1.568201 11.000000
v 16.706268 1.645847 11.000000
v 16.494135 1.278424 11.000000
v 16.566490 1.308394 11.000000
v 16.416491 1.568201 11.000000
v 16.628622 1.356069 11.000000
v 16.676298 1.418201 11.000000
v 16.266491 1.308394 11.000000
v 16.338844 1.278424 11.000000
v 16.416491 1.568201 11.000000
v 16.416491 1.268201 11.000000
v 16.494135 1.278424 11.000000
v 16.126713 1.490556 11.000000
v 16.156683 1.418201 11.000000
v 16.416491 1.568201 11.000000
v 16.204357 1.356069 11.000000
v 16.266491 1.308394 11.000000
v 16.156683 1.718201 11.000000
v 16.126713 1.645847 11.000000
v 16.416491 1.568201 11.000000
v 16.116489 1.568201 11.000000
v 16.126713 1.490556 11.000000
v 16.338844 1.857979 11.000000
v 16.266491 1.828009 11.000000
v 16.416491 1.568201 11.000000
v 16.204357 1.780333 11.000000
v 16.156683 1.718201 11.000000
v 16.566490 1.828009 11.000000
v 16.494135 1.857979 11.000000
v 16.416491 1.568201 11.000000
v 16.416491 1.868201 11.000000
v 16.338844 1.857979 11.000000
v 16.706268 1.645847 11.000000
v 16.676298 1.718201 11.000000
v 16.416491 1.568201 11.000000
v 16.628622 1.780333 11.000000
v 16.566490 1.828009 11.000000
v 8.916490 1.568201 1.000000
v 8.926712 1.645847 11.000000
v 8.926712 1.645847 1.000000
v 8.956682 1.718201 11.000000
v 8.956682 1.718201 1.000000
v 9.004358 1.780333 11.000000
v 9.004358 1.780333 1.000000
v 9.066490 1.828009 11.000000
v 9.066490 1.828009 1.000000
v 9.138844 1.857979 11.000000
v 9.138844 1.857979 1.000000
v 9.216490 1.868201 11.000000
v 9.216490 1.868201 1.000000
v 9.294136 1.857979 11.000000
v 9.294136 1.857979 1.000000
v 9.366490 1.828009 11.000000
v 9.366490 1.828009 1.000000
v 9.428622 1.780333 11.000000
v 9.428622 1.780333 1.000000
v 9.476297 1.718201 11.000000
v 9.476297 1.718201 1.000000
v 9.506268 1.645847 11.000000
v 9.506268 1.645847 1.000000
v 9.516490 1.568201 11.000000
v 9.516490 1.568201 1.000000
v 9.506268 1.490556 11.000000
v 9.506268 1.490556 1.000000
v 9.476297 1.418201 11.000000
v 9.476297 1.418201 1.000000
v 9.428622 1.356069 11.000000
v 9.428622 1.356069 1.000000
v 9.366490 1.308394 11.000000
v 9.366490 1.308394 1.000000
v 9.294136 1.278424 11.000000
v 9.294136 1.278424 1.000000
v 9.216490 1.268201 11.000000
v 9.216490 1.268201 1.000000
v 9.138844 1.278424 11.000000
v 9.138844 1.278424 1.000000
v 9.066490 1.308394 11.000000
v 9.066490 1.308394 1.000000
v 9.004358 1.356069 11.000000
v 9.004358 1.356069 1.000000
v 8.956682 1.418201 11.000000
v 8.956682 1.418201 1.000000
v 8.926712 1.490556 11.000000
v 8.926712 1.490556 1.000000
v 8.916490 1.568201 11.000000
v 8.916490 1.568201 1.000000
v 8.926712 1.645847 11.000000
v 9.476297 1.418201 11.000000
v 9.506268 1.490556 11.000000
v 9.216490 1.568201 11.000000
v 9.516490 1.568201 11.000000
v 9.506268 1.645847 11.000000
v 9.294136 1.278424 11.000000
v 9.366490 1.308394 11.000000
v 9.216490 1.568201 11.000000
v 9.428622 1.356069 11.000000
v 9.476297 1.418201 11.000000
v 9.066490 1.308394 11.000000
v 9.138844 1.278424 11.000000
v 9.216490 1.568201 11.000000
v 9.216490 1.268201 11.000000
v 9.294136 1.278424 11.000000
v 8.926712 1.490556 11.000000
v 8.956682 1.418201 11.000000
v 9.216490 1.568201 11.000000
v 9.004358 1.356069 11.000000
v 9.066490 1.308394 11.000000
v 8.956682 1.718201 11.000000
v 8.926712 1.645847 11.000000
v 9.216490 1.568201 11.000000
v 8.916490 1.568201 11.000000
v 8.926712 1.490556 11.000000
v 9.138844 1.857979 11.000000
v 9.066490 1.828009 11.000000
v 9.216490 1.568201 11.000000
v 9.004358 1.780333 11.000000
v 8.956682 1.718201 11.000000
v 9.366490 1.828009 11.000000
v 9.294136 1.857979 11.000000
v 9.216490 1.568201 11.000000
v 9.216490 1.868201 11.000000
v 9.138844 1.857979 11.000000
v 9.506268 1.645847 11.000000
v 9.476297 1.718201 11.000000
v 9.216490 1.568201 11.000000
v 9.428622 1.780333 11.000000
v 9.366490 1.828009 11.000000
v 1.716490 1.568201 1.000000
v 1.726712 1.645847 11.000000
v 1.726712 1.645847 1.000000
v 1.756682 1.718201 11.000000
v 1.756682 1.718201 1.000000
v 1.804358 1.780333 11.000000
v 1.804358 1.780333 1.000000
v 1.866490 1.828009 11.000000
v 1.866490 1.828009 1.000000
v 1.938844 1.857979 11.000000
v 1.938844 1.857979 1.000000
v 2.016490 1.868201 11.000000
v 2.016490 1.868201 1.000000
v 2.094136 1.857979 11.000000
v 2.094136 1.857979 1.000000
v 2.166490 1.828009 11.000000
v 2.166490 1.828009 1.000000
v 2.228622 1.780333 11.000000
v 2.228622 1.780333 1.000000
v 2.276298 1.718201 11.000000
v 2.276298 1.718201 1.000000
v 2.306268 1.645847 11.000000
v 2.306268 1.645847 1.000000
v 2.316490 1.568201 11.000000
v 2.316490 1.568201 1.000000
v 2.306268 1.490556 11.000000
v 2.306268 1.490556 1.000000
v 2.276298 1.418201 11.000000
v 2.276298 1.418201 1.000000
v 2.228622 1.356069 11.000000
v 2.228622 1.356069 1.000000
v 2.166490 1.308394 11.000000
v 2.166490 1.308394 1.000000
v 2.094136 1.278424 11.000000
v 2.094136 1.278424 1.000000
v 2.016490 1.268201 11.000000
v 2.016490 1.268201 1.000000
v 1.938844 1.278424 11.000000
v 1.938844 1.278424 1.000000
v 1.866490 1.308394 11.000000
v 1.866490 1.308394 1.000000
v 1.804358 1.356069 11.000000
v 1.804358 1.356069 1.000000
v 1.756682 1.418201 11.000000
v 1.756682 1.418201 1.000000
v 1.726712 1.490556 11.000000
v 1.726712 1.490556 1.000000
v 1.716490 1.568201 11.000000
v 1.716490 1.568201 1.000000
v 1.726712 1.645847 11.000000
v 2.276298 1.418201 11.000000
v 2.306268 1.490556 11.000000
v 2.016490 1.568201 11.000000
v 2.316490 1.568201 11.000000
v 2.306268 1.645847 11.000000
v 2.094136 1.278424 11.000000
v 2.166490 1.308394 11.000000
v 2.016490 1.568201 11.000000
v 2.228622 1.356069 11.000000
v 2.276298 1.418201 11.000000
v 1.866490 1.308394 11.000000
v 1.938844 1.278424 11.000000
v 2.016490 1.568201 11.000000
v 2.016490 1.268201 11.000000
v 2.094136 1.278424 11.000000
v 1.726712 1.490556 11.000000
v 1.756682 1.418201 11.000000
v 2.016490 1.568201 11.000000
v 1.804358 1.356069 11.000000
v 1.866490 1.308394 11.000000
v 1.756682 1.718201 11.000000
v 1.726712 1.645847 11.000000
v 2.016490 1.568201 11.000000
v 1.716490 1.568201 11.000000
v 1.726712 1.490556 11.000000
v 1.938844 1.857979 11.000000
v 1.866490 1.828009 11.000000
v 2.016490 1.568201 11.000000
v 1.804358 1.780333 11.000000
v 1.756682 1.718201 11.000000
v 2.166490 1.828009 11.000000
v 2.094136 1.857979 11.000000
v 2.016490 1.568201 11.000000
v 2.016490 1.868201 11.000000
v 1.938844 1.857979 11.000000
v 2.306268 1.645847 11.000000
v 2.276298 1.718201 11.000000
v 2.016490 1.568201 11.000000
v 2.228622 1.780333 11.000000
v 2.166490 1.828009 11.000000
v -5.483510 1.568201 1.000000
v -5.473288 1.645847 11.000000
v -5.473288 1.645847 1.000000
v -5.443317 1.718201 11.000000
v -5.443317 1.718201 1.000000
v -5.395642 1.780333 11.000000
v -5.395642 1.780333 1.000000
v -5.333510 1.828009 11.000000
v -5.333510 1.828009 1.000000
v -5.261156 1.857979 11.000000
v -5.261156 1.857979 1.000000
v -5.183510 1.868201 11.000000
v -5.183510 1.868201 1.000000
v -5.105864 1.857979 11.000000
v -5.105864 1.857979 1.000000
v -5.033510 1.828009 11.000000
v -5.033510 1.828009 1.000000
v -4.971378 1.780333 11.000000
v -4.971378 1.780333 1.000000
v -4.923702 1.718201 11.000000
v -4.923702 1.718201 1.000000
v -4.893732 1.645847 11.000000
v -4.893732 1.645847 1.000000
v -4.883510 1.568201 11.000000
v -4.883510 1.568201 1.000000
v -4.893732 1.490556 11.000000
v -4.893732 1.490556 1.000000
v -4.923702 1.418201 11.000000
v -4.923702 1.418201 1.000000
v -4.971378 1.356069 11.000000
v -4.971378 1.356069 1.000000
v -5.033510 1.308394 11.000000
v -5.033510 1.308394 1.000000
v -5.105864 1.278424 11.000000
v -5.105864 1.278424 1.000000
v -5.183510 1.268201 11.000000
v -5.183510 1.268201 1.000000
v -5.261156 1.278424 11.000000
v -5.261156 1.278424 1.000000
v -5.333510 1.308394 11.000000
v -5.333510 1.308394 1.000000
v -5.395642 1.356069 11.000000
v -5.395642 1.356069 1.000000
v -5.443317 1.418201 11.000000
v -5.443317 1.418201 1.000000
v -5.473288 1.490556 11.000000
v -5.473288 1.490556 1.000000
v -5.483510 1.568201 11.000000
v -5.483510 1.568201 1.000000
v -5.473288 1.645847 11.000000
v -4.923702 1.418201 11.000000
v -4.893732 1.490556 11.000000
v -5.183510 1.568201 11.000000
v -4.883510 1.568201 11.000000
v -4.893732 1.645847 11.000000
v -5.105864 1.278424 11.000000
v -5.033510 1.308394 11.000000
v -5.183510 1.568201 11.000000
v -4.971378 1.356069 11.000000
v -4.923702 1.418201 11.000000
v -5.333510 1.308394 11.000000
v -5.261156 1.278424 11.000000
v -5.183510 1.568201 11.000000
v -5.183510 1.268201 11.000000
v -5.105864 1.278424 11.000000
v -5.473288 1.490556 11.000000
v -5.443317 1.418201 11.000000
v -5.183510 1.568201 11.000000
v -5.395642 1.356069 11.000000
v -5.333510 1.308394 11.000000
v -5.443317 1.718201 11.000000
v -5.473288 1.645847 11.000000
v -5.183510 1.568201 11.000000
v -5.483510 1.568201 11.000000
v -5.473288 1.490556 11.000000
v -5.261156 1.857979 11.000000
v -5.333510 1.828009 11.000000
v -5.183510 1.568201 11.000000
v -5.395642 1.780333 11.000000
v -5.443317 1.718201 11.000000
v -5.033510 1.828009 11.000000
v -5.105864 1.857979 11.000000
v -5.183510 1.568201 11.000000
v -5.183510 1.868201 11.000000
v -5.261156 1.857979 11.000000
v -4.893732 1.645847 11.000000
v -4.923702 1.718201 11.000000
v -5.183510 1.568201 11.000000
v -4.971378 1.780333 11.000000
v -5.033510 1.828009 11.000000
v -12.683510 1.568201 1.000000
v -12.673287 1.645847 11.000000
v -12.673287 1.645847 1.000000
v -12.643317 1.718201 11.000000
v -12.643317 1.718201 1.000000
v -12.595642 1.780333 11.000000
v -12.595642 1.780333 1.000000
v -12.533510 1.828009 11.000000
v -12.533510 1.828009 1.000000
v -12.461156 1.857979 11.000000
v -12.461156 1.857979 1.000000
v -12.383510 1.868201 11.000000
v -12.383510 1.868201 1.000000
v -12.305864 1.857979 11.000000
v -12.305864 1.857979 1.000000
v -12.233510 1.828009 11.000000
v -12.233510 1.828009 1.000000
v -12.171378 1.780333 11.000000
v -12.171378 1.780333 1.000000
v -12.123702 1.718201 11.000000
v -12.123702 1.718201 1.000000
v -12.093732 1.645847 11.000000
v -12.093732 1.645847 1.000000
v -12.083510 1.568201 11.000000
v -12.083510 1.568201 1.000000
v -12.093732 1.490556 11.000000
v -12.093732 1.490556 1.000000
v -12.123702 1.418201 11.000000
v -12.123702 1.418201 1.000000
v -12.171378 1.356069 11.000000
v -12.171378 1.356069 1.000000
v -12.233510 1.308394 11.000000
v -12.233510 1.308394 1.000000
v -12.305864 1.278424 11.000000
v -12.305864 1.278424 1.000000
v -12.383510 1.268201 11.000000
v -12.383510 1.268201 1.000000
v -12.461156 1.278424 11.000000
v -12.461156 1.278424 1.000000
v -12.533510 1.308394 11.000000
v -12.533510 1.308394 1.000000
v -12.595642 1.356069 11.000000
v -12.595642 1.356069 1.000000
v -12.643317 1.418201 11.000000
v -12.643317 1.418201 1.000000
v -12.673287 1.490556 11.000000
v -12.673287 1.490556 1.000000
v -12.683510 1.568201 11.000000
v -12.683510 1.568201 1.000000
v -12.673287 1.645847 11.000000
v -12.123702 1.418201 11.000000
v -12.093732 1.490556 11.000000
v -12.383510 1.568201 11.000000
v -12.083510 1.568201 11.000000
v -12.093732 1.645847 11.000000
v -12.305864 1.278424 11.000000
v -12.233510 1.308394 11.000000
v -12.383510 1.568201 11.000000
v -12.171378 1.356069 11.000000
v -12.123702 1.418201 11.000000
v -12.533510 1.308394 11.000000
v -12.461156 1.278424 11.000000
v -12.383510 1.568201 11.000000
v -12.383510 1.268201 11.000000
v -12.305864 1.278424 11.000000
v -12.673287 1.490556 11.000000
v -12.643317 1.418201 11.000000
v -12.383510 1.568201 11.000000
v -12.595642 1.356069 11.000000
v -12.533510 1.308394 11.000000
v -12.643317 1.718201 11.000000
v -12.673287 1.645847 11.000000
v -12.383510 1.568201 11.000000
v -12.683510 1.568201 11.000000
v -12.673287 1.490556 11.000000
v -12.461156 1.857979 11.000000
v -12.533510 1.828009 11.000000
v -12.383510 1.568201 11.000000
v -12.595642 1.780333 11.000000
v -12.643317 1.718201 11.000000
v -12.233510 1.828009 11.000000
v -12.305864 1.857979 11.000000
v -12.383510 1.568201 11.000000
v -12.383510 1.868201 11.000000
v -12.461156 1.857979 11.000000
v -12.093732 1.645847 11.000000
v -12.123702 1.718201 11.000000
v -12.383510 1.568201 11.000000
v -12.171378 1.780333 11.000000
v -12.233510 1.828009 11.000000
v -19.883511 1.568201 1.000000
v -19.873287 1.645847 11.000000
v -19.873287 1.645847 1.000000
v -19.843317 1.718201 11.000000
v -19.843317 1.718201 1.000000
v -19.795643 1.780333 11.000000
v -19.795643 1.780333 1.000000
v -19.733509 1.828009 11.000000
v -19.733509 1.828009 1.000000
v -19.661156 1.857979 11.000000
v -19.661156 1.857979 1.000000
v -19.583509 1.868201 11.000000
v -19.583509 1.868201 1.000000
v -19.505865 1.857979 11.000000
v -19.505865 1.857979 1.000000
v -19.433510 1.828009 11.000000
v -19.433510 1.828009 1.000000
v -19.371378 1.780333 11.000000
v -19.371378 1.780333 1.000000
v -19.323702 1.718201 11.000000
v -19.323702 1.718201 1.000000
v -19.293732 1.645847 11.000000
v -19.293732 1.645847 1.000000
v -19.283510 1.568201 11.000000
v -19.283510 1.568201 1.000000
v -19.293732 1.490556 11.000000
v -19.293732 1.490556 1.000000
v -19.323702 1.418201 11.000000
v -19.323702 1.418201 1.000000
v -19.371378 1.356069 11.000000
v -19.371378 1.356069 1.000000
v -19.433510 1.308394 11.000000
v -19.433510 1.308394 1.000000
v -19.505865 1.278424 11.000000
v -19.505865 1.278424 1.000000
v -19.583509 1.268201 11.000000
v -19.583509 1.268201 1.000000
v -19.661156 1.278424 11.000000
v -19.661156 1.278424 1.000000
v -19.733509 1.308394 11.000000
v -19.733509 1.308394 1.000000
v -19.795643 1.356069 11.000000
v -19.795643 1.356069 1.000000
v -19.843317 1.418201 11.000000
v -19.843317 1.418201 1.000000
v -19.873287 1.490556 11.000000
v -19.873287 1.490556 1.000000
v -19.883511 1.568201 11.000000
v -19.883511 1.568201 1.000000
v -19.873287 1.645847 11.000000
v -19.323702 1.418201 11.000000
v -19.293732 1.490556 11.000000
v -19.583509 1.568201 11.000000
v -19.283510 1.568201 11.000000
v -19.293732 1.645847 11.000000
v -19.505865 1.278424 11.000000
v -19.433510 1.308394 11.000000
v -19.583509 1.568201 11.000000
v -19.371378 1.356069 11.000000
v -19.323702 1.418201 11.000000
v -19.733509 1.308394 11.000000
v -19.661156 1.278424 11.000000
v -19.583509 1.568201 11.000000
v -19.583509 1.268201 11.000000
v -19.505865 1.278424 11.000000
v -19.873287 1.490556 11.000000
v -19.843317 1.418201 11.000000
v -19.583509 1.568201 11.000000
v -19.795643 1.356069 11.000000
v -19.733509 1.308394 11.000000
v -19.843317 1.718201 11.000000
v -19.873287 1.645847 11.000000
v -19.583509 1.568201 11.000000
v -19.883511 1.568201 11.000000
v -19.873287 1.490556 11.000000
v -19.661156 1.857979 11.000000
v -19.733509 1.828009 11.000000
v -19.583509 1.568201 11.000000
v -19.795643 1.780333 11.000000
v -19.843317 1.718201 11.000000
v -19.433510 1.828009 11.000000
v -19.505865 1.857979 11.000000
v -19.583509 1.568201 11.000000
v -19.583509 1.868201 11.000000
v -19.661156 1.857979 11.000000
v -19.293732 1.645847 11.000000
v -19.323702 1.718201 11.000000
v -19.583509 1.568201 11.000000
v -19.371378 1.780333 11.000000
v -19.433510 1.828009 11.000000
v -18.545130 0.691748 1.000000
v -18.545130 -3.808868 1.000000
v -18.545130 0.691748 -1.000000
v -18.545130 -3.808868 -1.000000
v 23.743931 -3.908868 -1.000000
v 23.743931 -3.908868 1.000000
v 23.240442 -2.271327 1.000000
v 23.743931 -3.908868 -1.000000
v 23.240442 -2.271327 1.000000
v 23.240442 -2.271327 -1.000000
v 22.689611 -1.229015 1.000000
v 22.689611 -1.229015 -1.000000
v 22.009571 -0.473740 1.000000
v 22.009571 -0.473740 -1.000000
v 21.088678 0.123344 1.000000
v 21.088678 0.123344 -1.000000
v 19.899759 0.540257 1.000000
v 19.899759 0.540257 -1.000000
v 19.104815 0.691748 1.000000
v 19.104815 0.691748 -1.000000
v 7.517316 -29.895117 1.000000
v 7.527538 -29.817472 11.000000
v 7.527538 -29.817472 1.000000
v 7.557508 -29.745117 11.000000
v 7.557508 -29.745117 1.000000
v 7.605184 -29.682985 11.000000
v 7.605184 -29.682985 1.000000
v 7.667316 -29.635309 11.000000
v 7.667316 -29.635309 1.000000
v 7.739670 -29.605339 11.000000
v 7.739670 -29.605339 1.000000
v 7.817316 -29.595118 11.000000
v 7.817316 -29.595118 1.000000
v 7.894962 -29.605339 11.000000
v 7.894962 -29.605339 1.000000
v 7.967316 -29.635309 11.000000
v 7.967316 -29.635309 1.000000
v 8.029449 -29.682985 11.000000
v 8.029449 -29.682985 1.000000
v 8.077124 -29.745117 11.000000
v 8.077124 -29.745117 1.000000
v 8.107094 -29.817472 11.000000
v 8.107094 -29.817472 1.000000
v 8.117316 -29.895117 11.000000
v 8.117316 -29.895117 1.000000
v 8.107094 -29.972763 11.000000
v 8.107094 -29.972763 1.000000
v 8.077124 -30.045118 11.000000
v 8.077124 -30.045118 1.000000
v 8.029449 -30.107250 11.000000
v 8.029449 -30.107250 1.000000
v 7.967316 -30.154924 11.000000
v 7.967316 -30.154924 1.000000
v 7.894962 -30.184895 11.000000
v 7.894962 -30.184895 1.000000
v 7.817316 -30.195118 11.000000
v 7.817316 -30.195118 1.000000
v 7.739670 -30.184895 11.000000
v 7.739670 -30.184895 1.000000
v 7.667316 -30.154924 11.000000
v 7.667316 -30.154924 1.000000
v 7.605184 -30.107250 11.000000
v 7.605184 -30.107250 1.000000
v 7.557508 -30.045118 11.000000
v 7.557508 -30.045118 1.000000
v 7.527538 -29.972763 11.000000
v 7.527538 -29.972763 1.000000
v 7.517316 -29.895117 11.000000
v 7.517316 -29.895117 1.000000
v 7.527538 -29.817472 11.000000
v 8.077124 -30.045118 11.000000
v 8.107094 -29.972763 11.000000
v 7.817316 -29.895117 11.000000
v 8.117316 -29.895117 11.000000
v 8.107094 -29.817472 11.000000
v 7.894962 -30.184895 11.000000
v 7.967316 -30.154924 11.000000
v 7.817316 -29.895117 11.000000
v 8.029449 -30.107250 11.000000
v 8.077124 -30.045118 11.000000
v 7.667316 -30.154924 11.000000
v 7.739670 -30.184895 11.000000
v 7.817316 -29.895117 11.000000
v 7.817316 -30.195118 11.000000
v 7.894962 -30.184895 11.000000
v 7.527538 -29.972763 11.000000
v 7.557508 -30.045118 11.000000
v 7.817316 -29.895117 11.000000
v 7.605184 -30.107250 11.000000
v 7.667316 -30.154924 11.000000
v 7.557508 -29.745117 11.000000
v 7.527538 -29.817472 11.000000
v 7.817316 -29.895117 11.000000
v 7.517316 -29.895117 11.000000
v 7.527538 -29.972763 11.000000
v 7.739670 -29.605339 11.000000
v 7.667316 -29.635309 11.000000
v 7.817316 -29.895117 11.000000
v 7.605184 -29.682985 11.000000
v 7.557508 -29.745117 11.000000
v 7.967316 -29.635309 11.000000
v 7.894962 -29.605339 11.000000
v 7.817316 -29.895117 11.000000
v 7.817316 -29.595118 11.000000
v 7.739670 -29.605339 11.000000
v 8.107094 -29.817472 11.000000
v 8.077124 -29.745117 11.000000
v 7.817316 -29.895117 11.000000
v 8.029449 -29.682985 11.000000
v 7.967316 -29.635309 11.000000
v 1.517316 -29.895117 1.000000
v 1.527538 -29.817472 11.000000
v 1.527538 -29.817472 1.000000
v 1.557508 -29.745117 11.000000
v 1.557508 -29.745117 1.000000
v 1.605184 -29.682985 11.000000
v 1.605184 -29.682985 1.000000
v 1.667316 -29.635309 11.000000
v 1.667316 -29.635309 1.000000
v 1.739670 -29.605339 11.000000
v 1.739670 -29.605339 1.000000
v 1.817316 -29.595118 11.000000
v 1.817316 -29.595118 1.000000
v 1.894962 -29.605339 11.000000
v 1.894962 -29.605339 1.000000
v 1.967316 -29.635309 11.000000
v 1.967316 -29.635309 1.000000
v 2.029448 -29.682985 11.000000
v 2.029448 -29.682985 1.000000
v 2.077124 -29.745117 11.000000
v 2.077124 -29.745117 1.000000
v 2.107094 -29.817472 11.000000
v 2.107094 -29.817472 1.000000
v 2.117316 -29.895117 11.000000
v 2.117316 -29.895117 1.000000
v 2.107094 -29.972763 11.000000
v 2.107094 -29.972763 1.000000
v 2.077124 -30.045118 11.000000
v 2.077124 -30.045118 1.000000
v 2.029448 -30.107250 11.000000
v 2.029448 -30.107250 1.000000
v 1.967316 -30.154924 11.000000
v 1.967316 -30.154924 1.000000
v 1.894962 -30.184895 11.000000
v 1.894962 -30.184895 1.000000
v 1.817316 -30.195118 11.000000
v 1.817316 -30.195118 1.000000
v 1.739670 -30.184895 11.000000
v 1.739670 -30.184895 1.000000
v 1.667316 -30.154924 11.000000
v 1.667316 -30.154924 1.000000
v 1.605184 -30.107250 11.000000
v 1.605184 -30.107250 1.000000
v 1.557508 -30.045118 11.000000
v 1.557508 -30.045118 1.000000
v 1.527538 -29.972763 11.000000
v 1.527538 -29.972763 1.000000
v 1.517316 -29.895117 11.000000
v 1.517316 -29.895117 1.000000
v 1.527538 -29.817472 11.000000
v 2.077124 -30.045118 11.000000
v 2.107094 -29.972763 11.000000
v 1.817316 -29.895117 11.000000
v 2.117316 -29.895117 11.000000
v 2.107094 -29.817472 11.000000
v 1.894962 -30.184895 11.000000
v 1.967316 -30.154924 11.000000
v 1.817316 -29.895117 11.000000
v 2.029448 -30.107250 11.000000
v 2.077124 -30.045118 11.000000
v 1.667316 -30.154924 11.000000
v 1.739670 -30.184895 11.000000
v 1.817316 -29.895117 11.000000
v 1.817316 -30.195118 11.000000
v 1.894962 -30.184895 11.000000
v 1.527538 -29.972763 11.000000
v 1.557508 -30.045118 11.000000
v 1.817316 -29.895117 11.000000
v 1.605184 -30.107250 11.000000
v 1.667316 -30.154924 11.000000
v 1.557508 -29.745117 11.000000
v 1.527538 -29.817472 11.000000
v 1.817316 -29.895117 11.000000
v 1.517316 -29.895117 11.000000
v 1.527538 -29.972763 11.000000
v 1.739670 -29.605339 11.000000
v 1.667316 -29.635309 11.000000
v 1.817316 -29.895117 11.000000
v 1.605184 -29.682985 11.000000
v 1.557508 -29.745117 11.000000
v 1.967316 -29.635309 11.000000
v 1.894962 -29.605339 11.000000
v 1.817316 -29.895117 11.000000
v 1.817316 -29.595118 11.000000
v 1.739670 -29.605339 11.000000
v 2.107094 -29.817472 11.000000
v 2.077124 -29.745117 11.000000
v 1.817316 -29.895117 11.000000
v 2.029448 -29.682985 11.000000
v 1.967316 -29.635309 11.000000
v -4.482684 -29.895117 1.000000
v -4.472462 -29.817472 11.000000
v -4.472462 -29.817472 1.000000
v -4.442492 -29.745117 11.000000
v -4.442492 -29.745117 1.000000
v -4.394816 -29.682985 11.000000
v -4.394816 -29.682985 1.000000
v -4.332684 -29.635309 11.000000
v -4.332684 -29.635309 1.000000
v -4.260330 -29.605339 11.000000
v -4.260330 -29.605339 1.000000
v -4.182684 -29.595118 11.000000
v -4.182684 -29.595118 1.000000
v -4.105038 -29.605339 11.000000
v -4.105038 -29.605339 1.000000
v -4.032684 -29.635309 11.000000
v -4.032684 -29.635309 1.000000
v -3.970552 -29.682985 11.000000
v -3.970552 -29.682985 1.000000
v -3.922876 -29.745117 11.000000
v -3.922876 -29.745117 1.000000
v -3.892906 -29.817472 11.000000
v -3.892906 -29.817472 1.000000
v -3.882684 -29.895117 11.000000
v -3.882684 -29.895117 1.000000
v -3.892906 -29.972763 11.000000
v -3.892906 -29.972763 1.000000
v -3.922876 -30.045118 11.000000
v -3.922876 -30.045118 1.000000
v -3.970552 -30.107250 11.000000
v -3.970552 -30.107250 1.000000
v -4.032684 -30.154924 11.000000
v -4.032684 -30.154924 1.000000
v -4.105038 -30.184895 11.000000
v -4.105038 -30.184895 1.000000
v -4.182684 -30.195118 11.000000
v -4.182684 -30.195118 1.000000
v -4.260330 -30.184895 11.000000
v -4.260330 -30.184895 1.000000
v -4.332684 -30.154924 11.000000
v -4.332684 -30.154924 1.000000
v -4.394816 -30.107250 11.000000
v -4.394816 -30.107250 1.000000
v -4.442492 -30.045118 11.000000
v -4.442492 -30.045118 1.000000
v -4.472462 -29.972763 11.000000
v -4.472462 -29.972763 1.000000
v -4.482684 -29.895117 11.000000
v -4.482684 -29.895117 1.000000
v -4.472462 -29.817472 11.000000
v -3.922876 -30.045118 11.000000
v -3.892906 -29.972763 11.000000
v -4.182684 -29.895117 11.000000
v -3.882684 -29.895117 11.000000
v -3.892906 -29.817472 11.000000
v -4.105038 -30.184895 11.000000
v -4.032684 -30.154924 11.000000
v -4.182684 -29.895117 11.000000
v -3.970552 -30.107250 11.000000
v -3.922876 -30.045118 11.000000
v -4.332684 -30.154924 11.000000
v -4.260330 -30.184895 11.000000
v -4.182684 -29.895117 11.000000
v -4.182684 -30.195118 11.000000
v -4.105038 -30.184895 11.000000
v -4.472462 -29.972763 11.000000
v -4.442492 -30.045118 11.000000
v -4.182684 -29.895117 11.000000
v -4.394816 -30.107250 11.000000
v -4.332684 -30.154924 11.000000
v -4.442492 -29.745117 11.000000
v -4.472462 -29.817472 11.000000
v -4.182684 -29.895117 11.000000
v -4.482684 -29.895117 11.000000
v -4.472462 -29.972763 11.000000
v -4.260330 -29.605339 11.000000
v -4.332684 -29.635309 11.000000
v -4.182684 -29.895117 11.000000
v -4.394816 -29.682985 11.000000
v -4.442492 -29.745117 11.000000
v -4.032684 -29.635309 11.000000
v -4.105038 -29.605339 11.000000
v -4.182684 -29.895117 11.000000
v -4.182684 -29.595118 11.000000
v -4.260330 -29.605339 11.000000
v -3.892906 -29.817472 11.000000
v -3.922876 -29.745117 11.000000
v -4.182684 -29.895117 11.000000
v -3.970552 -29.682985 11.000000
v -4.032684 -29.635309 11.000000
v 23.593292 -3.018216 0.990000
v 23.753786 -3.907041 0.990000
v 23.404760 -2.687802 0.990000
v 23.593292 -3.018216 0.990000
v 23.404760 -2.687802 0.990000
v 23.319546 -2.181535 0.990000
v 23.077419 -1.877306 0.990000
v 22.945774 -1.447339 0.990000
v 22.709146 -1.239676 0.990000
v 22.476742 -0.813264 0.990000
v 22.258324 -0.692163 0.990000
v 21.916315 -0.280557 0.990000
v 21.745230 -0.253647 0.990000
v 21.269688 0.145644 0.990000
v 21.186865 0.085614 0.990000
v 20.547142 0.456842 0.990000
v 20.414858 0.404475 0.990000
v 19.826941 0.634612 0.990000
v 19.490927 0.638125 0.990000
v 19.105639 0.701733 0.990000
v -22.260635 -31.539639 0.990000
v -23.605869 -31.539639 0.990000
v -23.665489 -31.263060 0.990000
v 17.869431 -23.519262 0.990000
v 13.699736 -31.263060 0.990000
v 12.816490 -31.263060 0.990000
v -21.025251 -26.331959 0.990000
v -19.387794 -25.978983 0.990000
v -19.387794 -31.263060 0.990000
v -36.502022 -9.674729 0.990000
v -36.775360 -8.485744 0.990000
v -28.890633 -7.924936 0.990000
v -29.173649 -6.738176 0.990000
v -27.531912 -7.632046 0.990000
v -30.135170 -2.555681 0.990000
v -20.402197 0.701748 0.990000
v -18.555130 0.701748 0.990000
v -20.402197 -3.818868 0.990000
v -18.555130 -3.810839 0.990000
v -18.551836 -3.818868 0.990000
v -34.337208 -2.555681 0.990000
v -34.337208 0.704319 0.990000
v -30.135170 -2.555681 0.990000
v -25.337208 0.704319 0.990000
v -26.313574 -7.363528 0.990000
v -26.274429 -7.545113 0.990000
v -27.493980 -7.808004 0.990000
v -23.665489 -31.263060 0.990000
v -28.667036 -8.060872 0.990000
v -19.075647 -6.489214 0.990000
v -18.605490 -3.898868 0.990000
v -10.792684 -27.939762 0.990000
v -8.889702 -27.585117 0.990000
v -10.792684 -31.263060 0.990000
v -8.783510 -31.263060 0.990000
v -10.792684 -32.147900 0.990000
v -20.402197 -3.818868 0.990000
v -20.402197 -3.898868 0.990000
v -25.337208 0.704319 0.990000
v -21.814804 -6.409107 0.990000
v -27.493980 -7.808004 0.990000
v -27.531912 -7.632046 0.990000
v -26.313574 -7.363528 0.990000
v -30.135170 -2.555681 0.990000
v -25.013752 -6.980652 0.990000
v -25.337208 0.704319 0.990000
v -23.506721 -6.656057 0.990000
v -21.814804 -6.409107 0.990000
v -19.075647 -6.489214 0.990000
v -19.184319 -6.445238 0.990000
v -18.605490 -3.898868 0.990000
v -19.664501 -6.349468 0.990000
v -20.402197 -3.898868 0.990000
v -20.526009 -6.320617 0.990000
v -21.814804 -6.409107 0.990000
v -20.402197 -3.818868 0.990000
v -25.337208 0.704319 0.990000
v -20.402197 0.701748 0.990000
v -25.337208 1.131260 0.990000
v -20.402197 0.984319 0.990000
v -8.783510 1.131260 0.990000
v -8.783510 0.984319 0.990000
v -4.683097 1.131260 0.990000
v -4.683097 0.984319 0.990000
v -1.182684 1.131260 0.990000
v -1.182684 0.984319 0.990000
v 2.206903 1.131260 0.990000
v 2.206903 0.984319 0.990000
v 4.916903 1.131260 0.990000
v 4.916903 0.984319 0.990000
v 12.816490 1.131260 0.990000
v 12.816490 0.984319 0.990000
v 12.816490 0.984319 0.990000
v 12.816490 1.131260 0.990000
v 19.104212 0.984319 0.990000
v 20.016491 1.131260 0.990000
v 20.012974 0.808409 0.990000
v 23.535313 -2.145103 0.990000
v 23.196941 -1.445283 0.990000
v 23.874044 1.131260 0.990000
v 22.790241 -0.876441 0.990000
v 22.239439 -0.325485 0.990000
v 23.841597 -3.906603 0.990000
v 23.834942 -3.631643 0.990000
v 23.874044 1.131260 0.990000
v 23.730478 -2.813043 0.990000
v 23.535313 -2.145103 0.990000
v 22.239439 -0.325485 0.990000
v 21.618399 0.124224 0.990000
v 23.874044 1.131260 0.990000
v 20.901114 0.498640 0.990000
v 20.016491 1.131260 0.990000
v 20.016491 0.807183 0.990000
v 20.012974 0.808409 0.990000
v 18.846949 -21.699263 0.990000
v 12.816490 -26.984858 0.990000
v 20.016491 -19.459360 0.990000
v 20.016491 -11.913491 0.990000
v 23.874044 -12.071388 0.990000
v 20.016491 -23.519262 0.990000
v 17.869431 -23.519262 0.990000
v 18.846949 -21.699263 0.990000
v 7.962316 -29.643970 0.990000
v 7.892374 -29.615000 0.990000
v 12.529730 -27.585117 0.990000
v 12.529730 -27.585117 0.990000
v 7.892374 -29.615000 0.990000
v 4.916903 -27.585117 0.990000
v 7.892374 -29.615000 0.990000
v 7.817316 -29.605118 0.990000
v 4.916903 -27.585117 0.990000
v 7.742259 -29.615000 0.990000
v 7.672316 -29.643970 0.990000
v 4.916903 -31.263060 0.990000
v 7.742259 -30.175236 0.990000
v 7.817316 -30.185118 0.990000
v 7.962316 -30.146265 0.990000
v 8.022377 -30.100178 0.990000
v 12.816490 -31.263060 0.990000
v 8.097435 -29.820061 0.990000
v 8.068463 -29.750118 0.990000
v 12.529730 -27.585117 0.990000
v 8.022377 -29.690056 0.990000
v 7.962316 -29.643970 0.990000
v 7.672316 -29.643970 0.990000
v 7.612255 -29.690056 0.990000
v 4.916903 -27.585117 0.990000
v 7.566169 -29.750118 0.990000
v 7.537198 -29.820061 0.990000
v 4.916903 -31.263060 0.990000
v 7.817316 -30.185118 0.990000
v 12.816490 -31.263060 0.990000
v 7.892374 -30.175236 0.990000
v 7.962316 -30.146265 0.990000
v 7.537198 -29.820061 0.990000
v 7.527316 -29.895117 0.990000
v 4.916903 -31.263060 0.990000
v 7.537198 -29.970175 0.990000
v 7.566169 -30.040117 0.990000
v 7.566169 -30.040117 0.990000
v 7.612255 -30.100178 0.990000
v 4.916903 -31.263060 0.990000
v 7.672316 -30.146265 0.990000
v 7.742259 -30.175236 0.990000
v 8.022377 -30.100178 0.990000
v 8.068463 -30.040117 0.990000
v 12.816490 -31.263060 0.990000
v 8.097435 -29.970175 0.990000
v 8.107316 -29.895117 0.990000
v 18.846949 -21.699263 0.990000
v 17.869431 -23.519262 0.990000
v 12.816490 -26.984858 0.990000
v 12.816490 -31.263060 0.990000
v 12.529730 -27.585117 0.990000
v 8.107316 -29.895117 0.990000
v 8.097435 -29.820061 0.990000
v 7.537198 -29.820061 0.990000
v 4.916903 -31.263060 0.990000
v 4.916903 -27.585117 0.990000
v 2.206903 -31.263060 0.990000
v 2.206903 -27.585117 0.990000
v 1.817316 -30.185118 0.990000
v 1.892374 -30.175236 0.990000
v 2.206903 -31.263060 0.990000
v -1.182684 -31.263060 0.990000
v 1.537198 -29.970175 0.990000
v 1.566169 -30.040117 0.990000
v 1.612255 -29.690056 0.990000
v 1.566169 -29.750118 0.990000
v -1.182684 -27.585117 0.990000
v 1.537198 -29.820061 0.990000
v -1.182684 -31.263060 0.990000
v 1.527316 -29.895117 0.990000
v 1.537198 -29.970175 0.990000
v 1.566169 -30.040117 0.990000
v 1.612255 -30.100178 0.990000
v -1.182684 -31.263060 0.990000
v 1.672316 -30.146265 0.990000
v 2.206903 -31.263060 0.990000
v 1.742259 -30.175236 0.990000
v 1.817316 -30.185118 0.990000
v 2.068464 -29.750118 0.990000
v 2.022377 -29.690056 0.990000
v 2.206903 -27.585117 0.990000
v 1.962316 -29.643970 0.990000
v 1.892374 -29.615000 0.990000
v 1.892374 -29.615000 0.990000
v 1.817316 -29.605118 0.990000
v 2.206903 -27.585117 0.990000
v 1.742259 -29.615000 0.990000
v -1.182684 -27.585117 0.990000
v 1.672316 -29.643970 0.990000
v 1.612255 -29.690056 0.990000
v 1.892374 -30.175236 0.990000
v 1.962316 -30.146265 0.990000
v 2.206903 -31.263060 0.990000
v 2.022377 -30.100178 0.990000
v 2.068464 -30.040117 0.990000
v 2.068464 -30.040117 0.990000
v 2.097435 -29.970175 0.990000
v 2.206903 -31.263060 0.990000
v 2.107316 -29.895117 0.990000
v 2.206903 -27.585117 0.990000
v 2.097435 -29.820061 0.990000
v 2.068464 -29.750118 0.990000
v -4.182684 -29.605118 0.990000
v -4.257741 -29.615000 0.990000
v -4.683097 -27.585117 0.990000
v -4.327684 -29.643970 0.990000
v -4.387745 -29.690056 0.990000
v -4.462802 -29.970175 0.990000
v -4.433831 -30.040117 0.990000
v -4.683097 -31.263060 0.990000
v -4.257741 -30.175236 0.990000
v -4.182684 -30.185118 0.990000
v -4.683097 -31.263060 0.990000
v -4.107626 -30.175236 0.990000
v -1.182684 -31.263060 0.990000
v -4.037684 -30.146265 0.990000
v -3.977623 -30.100178 0.990000
v -4.387745 -29.690056 0.990000
v -4.433831 -29.750118 0.990000
v -4.683097 -27.585117 0.990000
v -4.462802 -29.820061 0.990000
v -4.472684 -29.895117 0.990000
v -4.433831 -30.040117 0.990000
v -4.387745 -30.100178 0.990000
v -4.683097 -31.263060 0.990000
v -4.327684 -30.146265 0.990000
v -4.257741 -30.175236 0.990000
v -1.182684 -31.263060 0.990000
v -3.892684 -29.895117 0.990000
v -1.182684 -27.585117 0.990000
v -3.902565 -29.820061 0.990000
v -3.931536 -29.750118 0.990000
v -3.931536 -29.750118 0.990000
v -3.977623 -29.690056 0.990000
v -1.182684 -27.585117 0.990000
v -4.037684 -29.643970 0.990000
v -4.683097 -27.585117 0.990000
v -4.107626 -29.615000 0.990000
v -4.182684 -29.605118 0.990000
v -3.977623 -30.100178 0.990000
v -3.931536 -30.040117 0.990000
v -1.182684 -31.263060 0.990000
v -3.902565 -29.970175 0.990000
v -3.892684 -29.895117 0.990000
v -8.889702 -27.585117 0.990000
v -8.783510 -27.585117 0.990000
v -8.783510 -31.263060 0.990000
v -4.683097 -27.585117 0.990000
v -4.683097 -31.263060 0.990000
v -4.472684 -29.895117 0.990000
v -4.462802 -29.970175 0.990000
v 20.016491 -11.913491 0.990000
v 23.841597 -3.906603 0.990000
v 23.874044 -12.071388 0.990000
v 23.874044 1.131260 0.990000
v 26.789555 -6.487614 0.990000
v 33.402725 1.131260 0.990000
v 23.874044 33.104317 0.990000
v 25.802794 33.104317 0.990000
v 25.802794 9.104319 0.990000
v 23.896608 1.493144 0.990000
v 23.906490 1.568201 0.990000
v 33.402725 1.131260 0.990000
v 29.982794 16.304319 0.990000
v 32.282791 16.304319 0.990000
v 29.982794 9.104319 0.990000
v 32.282791 9.104319 0.990000
v 33.402725 1.131260 0.990000
v 23.906490 1.568201 0.990000
v 35.618774 3.684319 0.990000
v 23.896608 1.643259 0.990000
v 23.874044 1.697735 0.990000
v 39.482792 9.104319 0.990000
v 39.482792 3.684319 0.990000
v 32.282791 9.104319 0.990000
v 35.618774 3.684319 0.990000
v 29.982794 9.104319 0.990000
v 23.874044 1.697735 0.990000
v 25.802794 9.104319 0.990000
v 23.896608 1.493144 0.990000
v 33.402725 1.131260 0.990000
v 23.874044 1.438668 0.990000
v 23.874044 1.131260 0.990000
v 23.867638 1.423201 0.990000
v 25.802794 9.104319 0.990000
v 23.874044 1.697735 0.990000
v 23.874044 33.104317 0.990000
v 23.382793 9.104319 0.990000
v 23.382793 33.104317 0.990000
v 23.365343 1.423201 0.990000
v 23.411428 1.363140 0.990000
v 20.016491 1.131260 0.990000
v 23.471491 1.819349 0.990000
v 23.411428 1.773262 0.990000
v 20.016491 9.104319 0.990000
v 23.365343 1.423201 0.990000
v 20.016491 1.131260 0.990000
v 23.336372 1.493144 0.990000
v 23.874044 1.697735 0.990000
v 23.867638 1.713201 0.990000
v 23.382793 9.104319 0.990000
v 23.821550 1.773262 0.990000
v 23.761490 1.819349 0.990000
v 23.365343 1.713201 0.990000
v 23.336372 1.643259 0.990000
v 20.016491 1.131260 0.990000
v 23.326490 1.568201 0.990000
v 23.336372 1.493144 0.990000
v 23.691547 1.288083 0.990000
v 23.761490 1.317054 0.990000
v 23.874044 1.131260 0.990000
v 23.821550 1.363140 0.990000
v 23.867638 1.423201 0.990000
v 23.761490 1.819349 0.990000
v 23.691547 1.848320 0.990000
v 23.382793 9.104319 0.990000
v 23.616489 1.858201 0.990000
v 20.016491 9.104319 0.990000
v 23.541433 1.848320 0.990000
v 23.471491 1.819349 0.990000
v 23.411428 1.363140 0.990000
v 23.471491 1.317054 0.990000
v 20.016491 1.131260 0.990000
v 23.541433 1.288083 0.990000
v 23.874044 1.131260 0.990000
v 23.616489 1.278201 0.990000
v 23.691547 1.288083 0.990000
v 16.561489 1.317054 0.990000
v 16.621552 1.363140 0.990000
v 20.016491 1.131260 0.990000
v 12.816490 1.131260 0.990000
v 16.126490 1.568201 0.990000
v 16.136372 1.493144 0.990000
v 16.136372 1.493144 0.990000
v 16.165342 1.423201 0.990000
v 12.816490 1.131260 0.990000
v 16.211430 1.363140 0.990000
v 16.271490 1.317054 0.990000
v 16.621552 1.363140 0.990000
v 16.667637 1.423201 0.990000
v 20.016491 1.131260 0.990000
v 16.696608 1.493144 0.990000
v 16.706490 1.568201 0.990000
v 16.706490 1.568201 0.990000
v 16.696608 1.643259 0.990000
v 20.016491 1.131260 0.990000
v 20.016491 9.104319 0.990000
v 23.365343 1.713201 0.990000
v 23.411428 1.773262 0.990000
v 16.696608 1.643259 0.990000
v 16.667637 1.713201 0.990000
v 20.016491 9.104319 0.990000
v 16.621552 1.773262 0.990000
v 16.561489 1.819349 0.990000
v 16.271490 1.819349 0.990000
v 16.211430 1.773262 0.990000
v 12.816490 9.104319 0.990000
v 16.165342 1.713201 0.990000
v 12.816490 1.131260 0.990000
v 16.136372 1.643259 0.990000
v 16.126490 1.568201 0.990000
v 16.271490 1.317054 0.990000
v 16.341433 1.288083 0.990000
v 12.816490 1.131260 0.990000
v 16.416491 1.278201 0.990000
v 20.016491 1.131260 0.990000
v 16.491547 1.288083 0.990000
v 16.561489 1.317054 0.990000
v 16.561489 1.819349 0.990000
v 16.491547 1.848320 0.990000
v 20.016491 9.104319 0.990000
v 16.416491 1.858201 0.990000
v 12.816490 9.104319 0.990000
v 16.341433 1.848320 0.990000
v 16.271490 1.819349 0.990000
v 9.421551 1.773262 0.990000
v 9.361490 1.819349 0.990000
v 12.816490 9.104319 0.990000
v 8.965343 1.713201 0.990000
v 8.936372 1.643259 0.990000
v 4.916903 1.131260 0.990000
v 8.926490 1.568201 0.990000
v 8.936372 1.493144 0.990000
v 9.361490 1.317054 0.990000
v 9.421551 1.363140 0.990000
v 12.816490 1.131260 0.990000
v 9.467637 1.423201 0.990000
v 9.496609 1.493144 0.990000
v 9.496609 1.493144 0.990000
v 9.506490 1.568201 0.990000
v 12.816490 1.131260 0.990000
v 9.496609 1.643259 0.990000
v 12.816490 9.104319 0.990000
v 9.467637 1.713201 0.990000
v 9.421551 1.773262 0.990000
v 4.916903 9.104319 0.990000
v 9.071490 1.819349 0.990000
v 9.011429 1.773262 0.990000
v 8.936372 1.493144 0.990000
v 8.965343 1.423201 0.990000
v 4.916903 1.131260 0.990000
v 9.011429 1.363140 0.990000
v 9.071490 1.317054 0.990000
v 9.071490 1.317054 0.990000
v 9.141433 1.288083 0.990000
v 4.916903 1.131260 0.990000
v 9.216490 1.278201 0.990000
v 12.816490 1.131260 0.990000
v 9.291548 1.288083 0.990000
v 9.361490 1.317054 0.990000
v 9.361490 1.819349 0.990000
v 9.291548 1.848320 0.990000
v 12.816490 9.104319 0.990000
v 9.216490 1.858201 0.990000
v 4.916903 9.104319 0.990000
v 9.141433 1.848320 0.990000
v 9.071490 1.819349 0.990000
v 2.306490 1.568201 0.990000
v 4.916903 1.131260 0.990000
v 2.296608 1.493144 0.990000
v 2.267637 1.423201 0.990000
v 2.306490 1.568201 0.990000
v 2.296608 1.643259 0.990000
v 4.916903 1.131260 0.990000
v 4.916903 9.104319 0.990000
v 8.965343 1.713201 0.990000
v 9.011429 1.773262 0.990000
v 2.296608 1.643259 0.990000
v 2.267637 1.713201 0.990000
v 4.916903 9.104319 0.990000
v 2.221551 1.773262 0.990000
v 2.206903 9.104319 0.990000
v 2.206903 1.784502 0.990000
v 2.161490 1.819349 0.990000
v 1.765343 1.713201 0.990000
v -1.182684 9.104319 0.990000
v 1.811429 1.773262 0.990000
v 1.871490 1.819349 0.990000
v 2.161490 1.819349 0.990000
v 2.091547 1.848320 0.990000
v 2.206903 9.104319 0.990000
v 2.016490 1.858201 0.990000
v -1.182684 9.104319 0.990000
v 1.941432 1.848320 0.990000
v 1.871490 1.819349 0.990000
v 2.091547 1.288083 0.990000
v 2.161490 1.317054 0.990000
v 2.206903 1.131260 0.990000
v 2.206903 1.351901 0.990000
v 4.916903 1.131260 0.990000
v 2.221551 1.363140 0.990000
v 2.267637 1.423201 0.990000
v 1.736372 1.493144 0.990000
v 1.765343 1.423201 0.990000
v -1.182684 1.131260 0.990000
v 1.811429 1.363140 0.990000
v 1.765343 1.713201 0.990000
v 1.736372 1.643259 0.990000
v -1.182684 1.131260 0.990000
v 1.726490 1.568201 0.990000
v 1.736372 1.493144 0.990000
v 1.811429 1.363140 0.990000
v 1.871490 1.317054 0.990000
v -1.182684 1.131260 0.990000
v 1.941432 1.288083 0.990000
v 2.206903 1.131260 0.990000
v 2.016490 1.278201 0.990000
v 2.091547 1.288083 0.990000
v -4.932363 1.423201 0.990000
v -4.683097 1.131260 0.990000
v -4.978449 1.363140 0.990000
v -5.038510 1.317054 0.990000
v -4.932363 1.423201 0.990000
v -4.903391 1.493144 0.990000
v -4.683097 1.131260 0.990000
v -4.893510 1.568201 0.990000
v -4.903391 1.643259 0.990000
v -4.978449 1.773262 0.990000
v -5.038510 1.819349 0.990000
v -4.683097 9.104319 0.990000
v -5.473510 1.568201 0.990000
v -5.463628 1.493144 0.990000
v -8.783510 1.131260 0.990000
v -5.434657 1.423201 0.990000
v -8.783510 1.131260 0.990000
v -5.258567 1.288083 0.990000
v -5.183510 1.278201 0.990000
v -8.783510 1.131260 0.990000
v -5.183510 1.278201 0.990000
v -4.683097 1.131260 0.990000
v -5.108452 1.288083 0.990000
v -5.038510 1.317054 0.990000
v -4.978449 1.773262 0.990000
v -4.683097 9.104319 0.990000
v -4.932363 1.713201 0.990000
v -5.434657 1.423201 0.990000
v -5.388571 1.363140 0.990000
v -8.783510 1.131260 0.990000
v -5.328510 1.317054 0.990000
v -5.258567 1.288083 0.990000
v 1.765343 1.713201 0.990000
v -1.182684 1.131260 0.990000
v -1.182684 9.104319 0.990000
v -4.683097 1.131260 0.990000
v -4.683097 9.104319 0.990000
v -4.903391 1.643259 0.990000
v -4.932363 1.713201 0.990000
v -5.328510 1.819349 0.990000
v -5.388571 1.773262 0.990000
v -8.783510 9.104319 0.990000
v -5.434657 1.713201 0.990000
v -8.783510 1.131260 0.990000
v -5.463628 1.643259 0.990000
v -5.473510 1.568201 0.990000
v -5.038510 1.819349 0.990000
v -5.108452 1.848320 0.990000
v -4.683097 9.104319 0.990000
v -5.183510 1.858201 0.990000
v -8.783510 9.104319 0.990000
v -5.258567 1.848320 0.990000
v -5.328510 1.819349 0.990000
v -21.137207 11.484319 0.990000
v -23.537207 11.484319 0.990000
v -23.537207 13.304318 0.990000
v -15.617208 33.104317 0.990000
v -13.197207 33.104317 0.990000
v -15.617208 9.104319 0.990000
v -13.197207 9.104319 0.990000
v -12.528510 1.819349 0.990000
v -12.588571 1.773262 0.990000
v -19.293510 1.568201 0.990000
v -12.238510 1.819349 0.990000
v -12.308453 1.848320 0.990000
v -8.783510 9.104319 0.990000
v -23.537207 13.304318 0.990000
v -20.517206 13.304318 0.990000
v -21.137207 11.484319 0.990000
v -20.517206 9.104319 0.990000
v -21.137207 9.104319 0.990000
v -19.788570 1.773262 0.990000
v -25.337208 9.104319 0.990000
v -19.834658 1.713201 0.990000
v -25.337208 1.131260 0.990000
v -19.863628 1.643259 0.990000
v -19.873510 1.568201 0.990000
v -12.528510 1.819349 0.990000
v -19.293510 1.568201 0.990000
v -12.458568 1.848320 0.990000
v -12.238510 1.819349 0.990000
v -8.783510 9.104319 0.990000
v -12.178449 1.773262 0.990000
v -19.873510 1.568201 0.990000
v -19.863628 1.493144 0.990000
v -25.337208 1.131260 0.990000
v -19.834658 1.423201 0.990000
v -19.788570 1.363140 0.990000
v -12.238510 1.317054 0.990000
v -12.178449 1.363140 0.990000
v -8.783510 1.131260 0.990000
v -12.132362 1.423201 0.990000
v -12.103392 1.493144 0.990000
v -19.583509 1.278201 0.990000
v -19.508453 1.288083 0.990000
v -12.673510 1.568201 0.990000
v -19.438511 1.317054 0.990000
v -19.378448 1.363140 0.990000
v -12.103392 1.493144 0.990000
v -12.093510 1.568201 0.990000
v -8.783510 1.131260 0.990000
v -12.103392 1.643259 0.990000
v -8.783510 9.104319 0.990000
v -12.132362 1.713201 0.990000
v -12.178449 1.773262 0.990000
v -19.788570 1.363140 0.990000
v -19.728510 1.317054 0.990000
v -25.337208 1.131260 0.990000
v -19.658567 1.288083 0.990000
v -19.583509 1.278201 0.990000
v -12.528510 1.317054 0.990000
v -12.458568 1.288083 0.990000
v -25.337208 1.131260 0.990000
v -12.383510 1.278201 0.990000
v -8.783510 1.131260 0.990000
v -12.308453 1.288083 0.990000
v -12.238510 1.317054 0.990000
v -12.458568 1.848320 0.990000
v -19.293510 1.568201 0.990000
v -12.383510 1.858201 0.990000
v -19.303392 1.643259 0.990000
v -19.332363 1.713201 0.990000
v -12.673510 1.568201 0.990000
v -12.663629 1.493144 0.990000
v -19.583509 1.278201 0.990000
v -12.634657 1.423201 0.990000
v -25.337208 1.131260 0.990000
v -12.588571 1.363140 0.990000
v -12.528510 1.317054 0.990000
v -19.378448 1.363140 0.990000
v -19.332363 1.423201 0.990000
v -12.673510 1.568201 0.990000
v -19.303392 1.493144 0.990000
v -12.663629 1.643259 0.990000
v -19.293510 1.568201 0.990000
v -12.634657 1.713201 0.990000
v -12.588571 1.773262 0.990000
v -19.438511 1.819349 0.990000
v -19.508453 1.848320 0.990000
v -13.197207 9.104319 0.990000
v -19.583509 1.858201 0.990000
v -19.658567 1.848320 0.990000
v -20.517206 9.104319 0.990000
v -15.617208 9.104319 0.990000
v -19.788570 1.773262 0.990000
v -13.197207 9.104319 0.990000
v -19.728510 1.819349 0.990000
v -19.658567 1.848320 0.990000
v -12.308453 1.848320 0.990000
v -12.383510 1.858201 0.990000
v -8.783510 9.104319 0.990000
v -19.332363 1.713201 0.990000
v -13.197207 9.104319 0.990000
v -19.378448 1.773262 0.990000
v -19.438511 1.819349 0.990000
v -19.387794 -32.341000 0.990000
v -22.260635 -31.539639 0.990000
v -19.387794 -31.263060 0.990000
v -23.665489 -31.263060 0.990000
v -21.025251 -26.331959 0.990000
v -26.274429 -7.545113 0.990000
v -25.032341 -7.277364 0.990000
v -10.792684 -32.147900 0.990000
v -8.783510 -31.263060 0.990000
v -8.783510 -32.147900 0.990000
v -4.683097 -31.263060 0.990000
v -4.683097 -32.147900 0.990000
v -1.182684 -31.263060 0.990000
v -1.182684 -32.147900 0.990000
v 2.206903 -31.263060 0.990000
v 2.206903 -32.147900 0.990000
v 4.916903 -31.263060 0.990000
v 4.916903 -32.147900 0.990000
v 12.816490 -31.263060 0.990000
v 12.816490 -32.147900 0.990000
v 13.699736 -31.263060 0.990000
v 13.223289 -32.147900 0.990000
v 18.846949 -21.699263 0.990000
v 20.016491 -21.699263 0.990000
v 20.016491 -23.519262 0.990000
v 23.874044 -21.699263 0.990000
v 23.874044 -23.519262 0.990000
v 30.473457 -21.699263 0.990000
v 30.473457 -23.519262 0.990000
v -40.011822 -2.546552 11.000000
v -40.011822 -2.546552 -0.990000
v -20.601189 34.084320 11.000000
v -20.601189 34.084320 -0.990000
v -26.354933 -42.784645 11.000000
v -26.354933 -42.784645 -0.990000
v -40.011822 -2.546552 11.000000
v -40.011822 -2.546552 -0.990000
v 36.540516 -42.784645 11.000000
v 36.540516 -42.784645 -0.990000
v -26.354933 -42.784645 11.000000
v -26.354933 -42.784645 -0.990000
v 50.197407 -2.546552 11.000000
v 50.197407 -2.546552 -0.990000
v 36.540516 -42.784645 11.000000
v 36.540516 -42.784645 -0.990000
v 30.786774 34.084320 11.000000
v 30.786774 34.084320 -0.990000
v 50.197407 -2.546552 11.000000
v 50.197407 -2.546552 -0.990000
v -20.601189 34.084320 11.000000
v -20.601189 34.084320 -0.990000
v 30.786774 34.084320 11.000000
v 30.786774 34.084320 -0.990000
v 35.618774 3.684319 0.990000
v 35.618774 3.684319 11.000000
v 33.402725 1.131260 0.990000
v 26.789555 -6.487614 11.000000
v 26.789555 -6.487614 0.990000
v 39.482792 3.684319 11.000000
v 35.618774 3.684319 11.000000
v 39.482792 3.684319 0.990000
v 35.618774 3.684319 0.990000
v 39.482792 9.104319 11.000000
v 39.482792 3.684319 11.000000
v 39.482792 9.104319 0.990000
v 39.482792 3.684319 0.990000
v 32.282791 9.104319 11.000000
v 39.482792 9.104319 11.000000
v 32.282791 9.104319 0.990000
v 39.482792 9.104319 0.990000
v 32.282791 16.304319 11.000000
v 32.282791 9.104319 11.000000
v 32.282791 16.304319 0.990000
v 32.282791 9.104319 0.990000
v 29.982794 16.304319 11.000000
v 32.282791 16.304319 11.000000
v 29.982794 16.304319 0.990000
v 32.282791 16.304319 0.990000
v 29.982794 9.104319 11.000000
v 29.982794 16.304319 11.000000
v 29.982794 9.104319 0.990000
v 29.982794 16.304319 0.990000
v 25.802794 9.104319 11.000000
v 29.982794 9.104319 11.000000
v 25.802794 9.104319 0.990000
v 29.982794 9.104319 0.990000
v 25.802794 33.104317 11.000000
v 25.802794 9.104319 11.000000
v 25.802794 33.104317 0.990000
v 25.802794 9.104319 0.990000
v 23.382793 33.104317 0.990000
v 23.382793 33.104317 11.000000
v 23.874044 33.104317 0.990000
v 25.802794 33.104317 11.000000
v 25.802794 33.104317 0.990000
v 23.382793 9.104319 11.000000
v 23.382793 33.104317 11.000000
v 23.382793 9.104319 0.990000
v 23.382793 33.104317 0.990000
v 23.382793 9.104319 0.990000
v 20.016491 9.104319 0.990000
v 23.382793 9.104319 11.000000
v 12.816490 9.104319 0.990000
v -13.197207 9.104319 11.000000
v 12.816490 9.104319 0.990000
v 4.916903 9.104319 0.990000
v -13.197207 9.104319 11.000000
v 2.206903 9.104319 0.990000
v -1.182684 9.104319 0.990000
v -1.182684 9.104319 0.990000
v -4.683097 9.104319 0.990000
v -13.197207 9.104319 11.000000
v -8.783510 9.104319 0.990000
v -13.197207 9.104319 0.990000
v -13.197207 33.104317 11.000000
v -13.197207 9.104319 11.000000
v -13.197207 33.104317 0.990000
v -13.197207 9.104319 0.990000
v -15.617208 33.104317 11.000000
v -13.197207 33.104317 11.000000
v -15.617208 33.104317 0.990000
v -13.197207 33.104317 0.990000
v -15.617208 9.104319 11.000000
v -15.617208 33.104317 11.000000
v -15.617208 9.104319 0.990000
v -15.617208 33.104317 0.990000
v -20.517206 9.104319 11.000000
v -15.617208 9.104319 11.000000
v -20.517206 9.104319 0.990000
v -15.617208 9.104319 0.990000
v -20.517206 13.304318 11.000000
v -20.517206 9.104319 11.000000
v -20.517206 13.304318 0.990000
v -20.517206 9.104319 0.990000
v -23.537207 13.304318 11.000000
v -20.517206 13.304318 11.000000
v -23.537207 13.304318 0.990000
v -20.517206 13.304318 0.990000
v -23.537207 11.484319 11.000000
v -23.537207 13.304318 11.000000
v -23.537207 11.484319 0.990000
v -23.537207 13.304318 0.990000
v -21.137207 11.484319 11.000000
v -23.537207 11.484319 11.000000
v -21.137207 11.484319 0.990000
v -23.537207 11.484319 0.990000
v -21.137207 9.104319 11.000000
v -21.137207 11.484319 11.000000
v -21.137207 9.104319 0.990000
v -21.137207 11.484319 0.990000
v -25.337208 9.104319 11.000000
v -21.137207 9.104319 11.000000
v -25.337208 9.104319 0.990000
v -21.137207 9.104319 0.990000
v -25.337208 0.704319 0.990000
v -25.337208 0.704319 11.000000
v -25.337208 1.131260 0.990000
v -25.337208 9.104319 11.000000
v -25.337208 9.104319 0.990000
v -34.337208 0.704319 11.000000
v -25.337208 0.704319 11.000000
v -34.337208 0.704319 0.990000
v -25.337208 0.704319 0.990000
v -34.337208 -2.555681 11.000000
v -34.337208 0.704319 11.000000
v -34.337208 -2.555681 0.990000
v -34.337208 0.704319 0.990000
v -30.135170 -2.555681 11.000000
v -34.337208 -2.555681 11.000000
v -30.135170 -2.555681 0.990000
v -34.337208 -2.555681 0.990000
v -29.173649 -6.738176 11.000000
v -30.135170 -2.555681 11.000000
v -29.173649 -6.738176 0.990000
v -30.135170 -2.555681 0.990000
v -36.775360 -8.485744 11.000000
v -29.173649 -6.738176 11.000000
v -36.775360 -8.485744 0.990000
v -29.173649 -6.738176 0.990000
v -36.502022 -9.674729 11.000000
v -36.775360 -8.485744 11.000000
v -36.502022 -9.674729 0.990000
v -36.775360 -8.485744 0.990000
v -28.890633 -7.924936 11.000000
v -36.502022 -9.674729 11.000000
v -28.890633 -7.924936 0.990000
v -36.502022 -9.674729 0.990000
v -27.531912 -7.632046 11.000000
v -28.890633 -7.924936 11.000000
v -27.531912 -7.632046 0.990000
v -28.890633 -7.924936 0.990000
v -27.493980 -7.808004 11.000000
v -27.531912 -7.632046 11.000000
v -27.493980 -7.808004 0.990000
v -27.531912 -7.632046 0.990000
v -28.667036 -8.060872 11.000000
v -27.493980 -7.808004 11.000000
v -28.667036 -8.060872 0.990000
v -27.493980 -7.808004 0.990000
v -23.605869 -31.539639 0.990000
v -23.605869 -31.539639 11.000000
v -23.665489 -31.263060 0.990000
v -28.667036 -8.060872 11.000000
v -28.667036 -8.060872 0.990000
v -22.260635 -31.539639 11.000000
v -23.605869 -31.539639 11.000000
v -22.260635 -31.539639 0.990000
v -23.605869 -31.539639 0.990000
v -19.387794 -32.341000 11.000000
v -22.260635 -31.539639 11.000000
v -19.387794 -32.341000 0.990000
v -22.260635 -31.539639 0.990000
v -19.387794 -25.978983 0.990000
v -19.387794 -25.978983 11.000000
v -19.387794 -31.263060 0.990000
v -19.387794 -32.341000 11.000000
v -19.387794 -32.341000 0.990000
v -21.025251 -26.331959 11.000000
v -19.387794 -25.978983 11.000000
v -21.025251 -26.331959 0.990000
v -19.387794 -25.978983 0.990000
v -25.032341 -7.277364 11.000000
v -21.025251 -26.331959 11.000000
v -25.032341 -7.277364 0.990000
v -21.025251 -26.331959 0.990000
v -26.274429 -7.545113 11.000000
v -25.032341 -7.277364 11.000000
v -26.274429 -7.545113 0.990000
v -25.032341 -7.277364 0.990000
v -26.313574 -7.363528 11.000000
v -26.274429 -7.545113 11.000000
v -26.313574 -7.363528 0.990000
v -26.274429 -7.545113 0.990000
v -26.313574 -7.363528 11.000000
v -26.313574 -7.363528 0.990000
v -25.991432 -7.256480 11.000000
v -25.013752 -6.980652 0.990000
v -25.667217 -7.157779 11.000000
v -25.013752 -6.980652 11.000000
v -25.013752 -6.980652 11.000000
v -25.013752 -6.980652 0.990000
v -24.263298 -6.806027 11.000000
v -23.506721 -6.656057 0.990000
v -23.506721 -6.656057 11.000000
v -23.506721 -6.656057 11.000000
v -23.506721 -6.656057 0.990000
v -22.662769 -6.517270 11.000000
v -21.814804 -6.409107 0.990000
v -21.814804 -6.409107 11.000000
v -21.814804 -6.409107 11.000000
v -21.814804 -6.409107 0.990000
v -21.253088 -6.357283 11.000000
v -20.526009 -6.320617 0.990000
v -20.526009 -6.320617 11.000000
v -20.526009 -6.320617 11.000000
v -20.526009 -6.320617 0.990000
v -20.095160 -6.321552 11.000000
v -19.664501 -6.349468 0.990000
v -19.664501 -6.349468 11.000000
v -19.184319 -6.445238 0.990000
v -19.184319 -6.445238 11.000000
v -19.075647 -6.489214 0.990000
v -19.075647 -6.489214 11.000000
v -10.792684 -27.939762 11.000000
v -19.075647 -6.489214 11.000000
v -10.792684 -27.939762 0.990000
v -19.075647 -6.489214 0.990000
v -10.792684 -32.147900 0.990000
v -10.792684 -32.147900 11.000000
v -10.792684 -31.263060 0.990000
v -10.792684 -27.939762 11.000000
v -10.792684 -27.939762 0.990000
v 12.816490 -32.147900 0.990000
v 13.223289 -32.147900 0.990000
v 13.223289 -32.147900 11.000000
v 12.816490 -32.147900 0.990000
v 13.223289 -32.147900 11.000000
v 4.916903 -32.147900 0.990000
v -10.792684 -32.147900 11.000000
v -10.792684 -32.147900 0.990000
v -8.783510 -32.147900 0.990000
v -8.783510 -32.147900 0.990000
v -4.683097 -32.147900 0.990000
v -10.792684 -32.147900 11.000000
v -1.182684 -32.147900 0.990000
v 13.223289 -32.147900 11.000000
v 2.206903 -32.147900 0.990000
v 4.916903 -32.147900 0.990000
v 17.869431 -23.519262 0.990000
v 17.869431 -23.519262 11.000000
v 13.699736 -31.263060 0.990000
v 13.223289 -32.147900 11.000000
v 13.223289 -32.147900 0.990000
v 30.473457 -23.519262 0.990000
v 30.473457 -23.519262 11.000000
v 23.874044 -23.519262 0.990000
v 17.869431 -23.519262 11.000000
v 20.016491 -23.519262 0.990000
v 17.869431 -23.519262 0.990000
v 30.473457 -21.699263 11.000000
v 30.473457 -23.519262 11.000000
v 30.473457 -21.699263 0.990000
v 30.473457 -23.519262 0.990000
v 18.846949 -21.699263 11.000000
v 30.473457 -21.699263 11.000000
v 30.473457 -21.699263 0.990000
v 30.473457 -21.699263 0.990000
v 23.874044 -21.699263 0.990000
v 18.846949 -21.699263 11.000000
v 20.016491 -21.699263 0.990000
v 18.846949 -21.699263 0.990000
v 18.846949 -21.699263 11.000000
v 18.846949 -21.699263 0.990000
v 20.016491 -19.459360 0.990000
v 18.846949 -21.699263 11.000000
v 20.016491 -19.459360 0.990000
v 26.789555 -6.487614 11.000000
v 23.874044 -12.071388 0.990000
v 26.789555 -6.487614 0.990000
v -18.555130 0.701748 -0.990000
v -20.601189 34.084320 -0.990000
v -40.011822 -2.546552 -0.990000
v 21.745230 -0.253647 -0.990000
v 22.258324 -0.692163 -0.990000
v 30.786774 34.084320 -0.990000
v 50.197407 -2.546552 -0.990000
v 23.754200 -3.910571 -0.990000
v 36.540516 -42.784645 -0.990000
v 12.482447 -27.505117 -0.990000
v -26.354933 -42.784645 -0.990000
v -8.836048 -27.505117 -0.990000
v -40.011822 -2.546552 -0.990000
v -18.555130 -3.810839 -0.990000
v -18.555130 0.701748 -0.990000
v 30.786774 34.084320 -0.990000
v 22.258324 -0.692163 -0.990000
v 50.197407 -2.546552 -0.990000
v 22.709146 -1.239676 -0.990000
v 23.077419 -1.877306 -0.990000
v 19.490927 0.638125 -0.990000
v 20.414858 0.404475 -0.990000
v 30.786774 34.084320 -0.990000
v 21.186865 0.085614 -0.990000
v 21.745230 -0.253647 -0.990000
v 23.077419 -1.877306 -0.990000
v 23.404760 -2.687802 -0.990000
v 50.197407 -2.546552 -0.990000
v 23.753786 -3.907041 -0.990000
v 23.754200 -3.910571 -0.990000
v -20.601189 34.084320 -0.990000
v -18.555130 0.701748 -0.990000
v 30.786774 34.084320 -0.990000
v 19.105530 0.701748 -0.990000
v 19.490927 0.638125 -0.990000
v 23.896608 1.643259 10.990000
v 23.896608 1.643259 0.990000
v 23.906490 1.568201 10.990000
v 23.906490 1.568201 0.990000
v 23.896608 1.493144 10.990000
v 23.906490 1.568201 0.990000
v 23.896608 1.493144 0.990000
v 23.896608 1.493144 10.990000
v 23.874044 1.438668 0.990000
v 23.867638 1.423201 10.990000
v 23.867638 1.423201 0.990000
v 23.821550 1.363140 10.990000
v 23.821550 1.363140 0.990000
v 23.761490 1.317054 10.990000
v 23.761490 1.317054 0.990000
v 23.691547 1.288083 10.990000
v 23.691547 1.288083 0.990000
v 23.616489 1.278201 10.990000
v 23.616489 1.278201 0.990000
v 23.541433 1.288083 10.990000
v 23.541433 1.288083 0.990000
v 23.471491 1.317054 10.990000
v 23.471491 1.317054 0.990000
v 23.411428 1.363140 10.990000
v 23.411428 1.363140 0.990000
v 23.365343 1.423201 10.990000
v 23.365343 1.423201 0.990000
v 23.336372 1.493144 10.990000
v 23.336372 1.493144 0.990000
v 23.326490 1.568201 10.990000
v 23.326490 1.568201 0.990000
v 23.336372 1.643259 10.990000
v 23.336372 1.643259 0.990000
v 23.365343 1.713201 10.990000
v 23.365343 1.713201 0.990000
v 23.411428 1.773262 10.990000
v 23.411428 1.773262 0.990000
v 23.471491 1.819349 10.990000
v 23.471491 1.819349 0.990000
v 23.541433 1.848320 10.990000
v 23.541433 1.848320 0.990000
v 23.616489 1.858201 10.990000
v 23.616489 1.858201 0.990000
v 23.691547 1.848320 10.990000
v 23.691547 1.848320 0.990000
v 23.761490 1.819349 10.990000
v 23.761490 1.819349 0.990000
v 23.821550 1.773262 10.990000
v 23.821550 1.773262 0.990000
v 23.867638 1.713201 10.990000
v 23.867638 1.713201 0.990000
v 23.896608 1.643259 10.990000
v 23.874044 1.697735 0.990000
v 23.896608 1.643259 0.990000
v 23.867638 1.713201 10.990000
v 23.896608 1.643259 10.990000
v 23.616489 1.568201 10.990000
v 23.906490 1.568201 10.990000
v 23.896608 1.493144 10.990000
v 23.691547 1.848320 10.990000
v 23.761490 1.819349 10.990000
v 23.616489 1.568201 10.990000
v 23.821550 1.773262 10.990000
v 23.867638 1.713201 10.990000
v 23.471491 1.819349 10.990000
v 23.541433 1.848320 10.990000
v 23.616489 1.568201 10.990000
v 23.616489 1.858201 10.990000
v 23.691547 1.848320 10.990000
v 23.336372 1.643259 10.990000
v 23.365343 1.713201 10.990000
v 23.616489 1.568201 10.990000
v 23.411428 1.773262 10.990000
v 23.471491 1.819349 10.990000
v 23.365343 1.423201 10.990000
v 23.336372 1.493144 10.990000
v 23.616489 1.568201 10.990000
v 23.326490 1.568201 10.990000
v 23.336372 1.643259 10.990000
v 23.541433 1.288083 10.990000
v 23.471491 1.317054 10.990000
v 23.616489 1.568201 10.990000
v 23.411428 1.363140 10.990000
v 23.365343 1.423201 10.990000
v 23.761490 1.317054 10.990000
v 23.691547 1.288083 10.990000
v 23.616489 1.568201 10.990000
v 23.616489 1.278201 10.990000
v 23.541433 1.288083 10.990000
v 23.896608 1.493144 10.990000
v 23.867638 1.423201 10.990000
v 23.616489 1.568201 10.990000
v 23.821550 1.363140 10.990000
v 23.761490 1.317054 10.990000
v 16.126490 1.568201 10.990000
v 16.126490 1.568201 0.990000
v 16.136372 1.643259 10.990000
v 16.136372 1.643259 0.990000
v 16.165342 1.713201 10.990000
v 16.165342 1.713201 0.990000
v 16.211430 1.773262 10.990000
v 16.211430 1.773262 0.990000
v 16.271490 1.819349 10.990000
v 16.271490 1.819349 0.990000
v 16.341433 1.848320 10.990000
v 16.341433 1.848320 0.990000
v 16.416491 1.858201 10.990000
v 16.416491 1.858201 0.990000
v 16.491547 1.848320 10.990000
v 16.491547 1.848320 0.990000
v 16.561489 1.819349 10.990000
v 16.561489 1.819349 0.990000
v 16.621552 1.773262 10.990000
v 16.621552 1.773262 0.990000
v 16.667637 1.713201 10.990000
v 16.667637 1.713201 0.990000
v 16.696608 1.643259 10.990000
v 16.696608 1.643259 0.990000
v 16.706490 1.568201 10.990000
v 16.706490 1.568201 0.990000
v 16.696608 1.493144 10.990000
v 16.696608 1.493144 0.990000
v 16.667637 1.423201 10.990000
v 16.667637 1.423201 0.990000
v 16.621552 1.363140 10.990000
v 16.621552 1.363140 0.990000
v 16.561489 1.317054 10.990000
v 16.561489 1.317054 0.990000
v 16.491547 1.288083 10.990000
v 16.491547 1.288083 0.990000
v 16.416491 1.278201 10.990000
v 16.416491 1.278201 0.990000
v 16.341433 1.288083 10.990000
v 16.341433 1.288083 0.990000
v 16.271490 1.317054 10.990000
v 16.271490 1.317054 0.990000
v 16.211430 1.363140 10.990000
v 16.211430 1.363140 0.990000
v 16.165342 1.423201 10.990000
v 16.165342 1.423201 0.990000
v 16.136372 1.493144 10.990000
v 16.136372 1.493144 0.990000
v 16.126490 1.568201 10.990000
v 16.126490 1.568201 0.990000
v 16.667637 1.713201 10.990000
v 16.696608 1.643259 10.990000
v 16.416491 1.568201 10.990000
v 16.706490 1.568201 10.990000
v 16.696608 1.493144 10.990000
v 16.491547 1.848320 10.990000
v 16.561489 1.819349 10.990000
v 16.416491 1.568201 10.990000
v 16.621552 1.773262 10.990000
v 16.667637 1.713201 10.990000
v 16.271490 1.819349 10.990000
v 16.341433 1.848320 10.990000
v 16.416491 1.568201 10.990000
v 16.416491 1.858201 10.990000
v 16.491547 1.848320 10.990000
v 16.136372 1.643259 10.990000
v 16.165342 1.713201 10.990000
v 16.416491 1.568201 10.990000
v 16.211430 1.773262 10.990000
v 16.271490 1.819349 10.990000
v 16.165342 1.423201 10.990000
v 16.136372 1.493144 10.990000
v 16.416491 1.568201 10.990000
v 16.126490 1.568201 10.990000
v 16.136372 1.643259 10.990000
v 16.341433 1.288083 10.990000
v 16.271490 1.317054 10.990000
v 16.416491 1.568201 10.990000
v 16.211430 1.363140 10.990000
v 16.165342 1.423201 10.990000
v 16.561489 1.317054 10.990000
v 16.491547 1.288083 10.990000
v 16.416491 1.568201 10.990000
v 16.416491 1.278201 10.990000
v 16.341433 1.288083 10.990000
v 16.696608 1.493144 10.990000
v 16.667637 1.423201 10.990000
v 16.416491 1.568201 10.990000
v 16.621552 1.363140 10.990000
v 16.561489 1.317054 10.990000
v 8.926490 1.568201 10.990000
v 8.926490 1.568201 0.990000
v 8.936372 1.643259 10.990000
v 8.936372 1.643259 0.990000
v 8.965343 1.713201 10.990000
v 8.965343 1.713201 0.990000
v 9.011429 1.773262 10.990000
v 9.011429 1.773262 0.990000
v 9.071490 1.819349 10.990000
v 9.071490 1.819349 0.990000
v 9.141433 1.848320 10.990000
v 9.141433 1.848320 0.990000
v 9.216490 1.858201 10.990000
v 9.216490 1.858201 0.990000
v 9.291548 1.848320 10.990000
v 9.291548 1.848320 0.990000
v 9.361490 1.819349 10.990000
v 9.361490 1.819349 0.990000
v 9.421551 1.773262 10.990000
v 9.421551 1.773262 0.990000
v 9.467637 1.713201 10.990000
v 9.467637 1.713201 0.990000
v 9.496609 1.643259 10.990000
v 9.496609 1.643259 0.990000
v 9.506490 1.568201 10.990000
v 9.506490 1.568201 0.990000
v 9.496609 1.493144 10.990000
v 9.496609 1.493144 0.990000
v 9.467637 1.423201 10.990000
v 9.467637 1.423201 0.990000
v 9.421551 1.363140 10.990000
v 9.421551 1.363140 0.990000
v 9.361490 1.317054 10.990000
v 9.361490 1.317054 0.990000
v 9.291548 1.288083 10.990000
v 9.291548 1.288083 0.990000
v 9.216490 1.278201 10.990000
v 9.216490 1.278201 0.990000
v 9.141433 1.288083 10.990000
v 9.141433 1.288083 0.990000
v 9.071490 1.317054 10.990000
v 9.071490 1.317054 0.990000
v 9.011429 1.363140 10.990000
v 9.011429 1.363140 0.990000
v 8.965343 1.423201 10.990000
v 8.965343 1.423201 0.990000
v 8.936372 1.493144 10.990000
v 8.936372 1.493144 0.990000
v 8.926490 1.568201 10.990000
v 8.926490 1.568201 0.990000
v 9.467637 1.713201 10.990000
v 9.496609 1.643259 10.990000
v 9.216490 1.568201 10.990000
v 9.506490 1.568201 10.990000
v 9.496609 1.493144 10.990000
v 9.291548 1.848320 10.990000
v 9.361490 1.819349 10.990000
v 9.216490 1.568201 10.990000
v 9.421551 1.773262 10.990000
v 9.467637 1.713201 10.990000
v 9.071490 1.819349 10.990000
v 9.141433 1.848320 10.990000
v 9.216490 1.568201 10.990000
v 9.216490 1.858201 10.990000
v 9.291548 1.848320 10.990000
v 8.936372 1.643259 10.990000
v 8.965343 1.713201 10.990000
v 9.216490 1.568201 10.990000
v 9.011429 1.773262 10.990000
v 9.071490 1.819349 10.990000
v 8.965343 1.423201 10.990000
v 8.936372 1.493144 10.990000
v 9.216490 1.568201 10.990000
v 8.926490 1.568201 10.990000
v 8.936372 1.643259 10.990000
v 9.141433 1.288083 10.990000
v 9.071490 1.317054 10.990000
v 9.216490 1.568201 10.990000
v 9.011429 1.363140 10.990000
v 8.965343 1.423201 10.990000
v 9.361490 1.317054 10.990000
v 9.291548 1.288083 10.990000
v 9.216490 1.568201 10.990000
v 9.216490 1.278201 10.990000
v 9.141433 1.288083 10.990000
v 9.496609 1.493144 10.990000
v 9.467637 1.423201 10.990000
v 9.216490 1.568201 10.990000
v 9.421551 1.363140 10.990000
v 9.361490 1.317054 10.990000
v 2.161490 1.819349 10.990000
v 2.206903 1.784502 0.990000
v 2.221551 1.773262 10.990000
v 2.221551 1.773262 0.990000
v 2.267637 1.713201 10.990000
v 2.267637 1.713201 0.990000
v 2.296608 1.643259 10.990000
v 2.296608 1.643259 0.990000
v 2.306490 1.568201 10.990000
v 2.306490 1.568201 0.990000
v 2.296608 1.493144 10.990000
v 2.296608 1.493144 0.990000
v 2.267637 1.423201 10.990000
v 2.267637 1.423201 0.990000
v 2.221551 1.363140 10.990000
v 2.221551 1.363140 0.990000
v 2.161490 1.317054 10.990000
v 2.221551 1.363140 0.990000
v 2.206903 1.351901 0.990000
v 2.161490 1.317054 10.990000
v 2.161490 1.317054 0.990000
v 2.091547 1.288083 10.990000
v 2.091547 1.288083 0.990000
v 2.016490 1.278201 10.990000
v 2.016490 1.278201 0.990000
v 1.941432 1.288083 10.990000
v 1.941432 1.288083 0.990000
v 1.871490 1.317054 10.990000
v 1.871490 1.317054 0.990000
v 1.811429 1.363140 10.990000
v 1.811429 1.363140 0.990000
v 1.765343 1.423201 10.990000
v 1.765343 1.423201 0.990000
v 1.736372 1.493144 10.990000
v 1.736372 1.493144 0.990000
v 1.726490 1.568201 10.990000
v 1.726490 1.568201 0.990000
v 1.736372 1.643259 10.990000
v 1.736372 1.643259 0.990000
v 1.765343 1.713201 10.990000
v 1.765343 1.713201 0.990000
v 1.811429 1.773262 10.990000
v 1.811429 1.773262 0.990000
v 1.871490 1.819349 10.990000
v 1.871490 1.819349 0.990000
v 1.941432 1.848320 10.990000
v 1.941432 1.848320 0.990000
v 2.016490 1.858201 10.990000
v 2.016490 1.858201 0.990000
v 2.091547 1.848320 10.990000
v 2.091547 1.848320 0.990000
v 2.161490 1.819349 10.990000
v 2.161490 1.819349 0.990000
v 2.206903 1.784502 0.990000
v 2.267637 1.713201 10.990000
v 2.296608 1.643259 10.990000
v 2.016490 1.568201 10.990000
v 2.306490 1.568201 10.990000
v 2.296608 1.493144 10.990000
v 2.091547 1.848320 10.990000
v 2.161490 1.819349 10.990000
v 2.016490 1.568201 10.990000
v 2.221551 1.773262 10.990000
v 2.267637 1.713201 10.990000
v 1.871490 1.819349 10.990000
v 1.941432 1.848320 10.990000
v 2.016490 1.568201 10.990000
v 2.016490 1.858201 10.990000
v 2.091547 1.848320 10.990000
v 1.736372 1.643259 10.990000
v 1.765343 1.713201 10.990000
v 2.016490 1.568201 10.990000
v 1.811429 1.773262 10.990000
v 1.871490 1.819349 10.990000
v 1.765343 1.423201 10.990000
v 1.736372 1.493144 10.990000
v 2.016490 1.568201 10.990000
v 1.726490 1.568201 10.990000
v 1.736372 1.643259 10.990000
v 1.941432 1.288083 10.990000
v 1.871490 1.317054 10.990000
v 2.016490 1.568201 10.990000
v 1.811429 1.363140 10.990000
v 1.765343 1.423201 10.990000
v 2.161490 1.317054 10.990000
v 2.091547 1.288083 10.990000
v 2.016490 1.568201 10.990000
v 2.016490 1.278201 10.990000
v 1.941432 1.288083 10.990000
v 2.296608 1.493144 10.990000
v 2.267637 1.423201 10.990000
v 2.016490 1.568201 10.990000
v 2.221551 1.363140 10.990000
v 2.161490 1.317054 10.990000
v -5.473510 1.568201 10.990000
v -5.473510 1.568201 0.990000
v -5.463628 1.643259 10.990000
v -5.463628 1.643259 0.990000
v -5.434657 1.713201 10.990000
v -5.434657 1.713201 0.990000
v -5.388571 1.773262 10.990000
v -5.388571 1.773262 0.990000
v -5.328510 1.819349 10.990000
v -5.328510 1.819349 0.990000
v -5.258567 1.848320 10.990000
v -5.258567 1.848320 0.990000
v -5.183510 1.858201 10.990000
v -5.183510 1.858201 0.990000
v -5.108452 1.848320 10.990000
v -5.108452 1.848320 0.990000
v -5.038510 1.819349 10.990000
v -5.038510 1.819349 0.990000
v -4.978449 1.773262 10.990000
v -4.978449 1.773262 0.990000
v -4.932363 1.713201 10.990000
v -4.932363 1.713201 0.990000
v -4.903391 1.643259 10.990000
v -4.903391 1.643259 0.990000
v -4.893510 1.568201 10.990000
v -4.893510 1.568201 0.990000
v -4.903391 1.493144 10.990000
v -4.903391 1.493144 0.990000
v -4.932363 1.423201 10.990000
v -4.932363 1.423201 0.990000
v -4.978449 1.363140 10.990000
v -4.978449 1.363140 0.990000
v -5.038510 1.317054 10.990000
v -5.038510 1.317054 0.990000
v -5.108452 1.288083 10.990000
v -5.108452 1.288083 0.990000
v -5.183510 1.278201 10.990000
v -5.183510 1.278201 0.990000
v -5.258567 1.288083 10.990000
v -5.258567 1.288083 0.990000
v -5.328510 1.317054 10.990000
v -5.328510 1.317054 0.990000
v -5.388571 1.363140 10.990000
v -5.388571 1.363140 0.990000
v -5.434657 1.423201 10.990000
v -5.434657 1.423201 0.990000
v -5.463628 1.493144 10.990000
v -5.463628 1.493144 0.990000
v -5.473510 1.568201 10.990000
v -5.473510 1.568201 0.990000
v -4.932363 1.713201 10.990000
v -4.903391 1.643259 10.990000
v -5.183510 1.568201 10.990000
v -4.893510 1.568201 10.990000
v -4.903391 1.493144 10.990000
v -5.108452 1.848320 10.990000
v -5.038510 1.819349 10.990000
v -5.183510 1.568201 10.990000
v -4.978449 1.773262 10.990000
v -4.932363 1.713201 10.990000
v -5.328510 1.819349 10.990000
v -5.258567 1.848320 10.990000
v -5.183510 1.568201 10.990000
v -5.183510 1.858201 10.990000
v -5.108452 1.848320 10.990000
v -5.463628 1.643259 10.990000
v -5.434657 1.713201 10.990000
v -5.183510 1.568201 10.990000
v -5.388571 1.773262 10.990000
v -5.328510 1.819349 10.990000
v -5.434657 1.423201 10.990000
v -5.463628 1.493144 10.990000
v -5.183510 1.568201 10.990000
v -5.473510 1.568201 10.990000
v -5.463628 1.643259 10.990000
v -5.258567 1.288083 10.990000
v -5.328510 1.317054 10.990000
v -5.183510 1.568201 10.990000
v -5.388571 1.363140 10.990000
v -5.434657 1.423201 10.990000
v -5.038510 1.317054 10.990000
v -5.108452 1.288083 10.990000
v -5.183510 1.568201 10.990000
v -5.183510 1.278201 10.990000
v -5.258567 1.288083 10.990000
v -4.903391 1.493144 10.990000
v -4.932363 1.423201 10.990000
v -5.183510 1.568201 10.990000
v -4.978449 1.363140 10.990000
v -5.038510 1.317054 10.990000
v -12.673510 1.568201 10.990000
v -12.673510 1.568201 0.990000
v -12.663629 1.643259 10.990000
v -12.663629 1.643259 0.990000
v -12.634657 1.713201 10.990000
v -12.634657 1.713201 0.990000
v -12.588571 1.773262 10.990000
v -12.588571 1.773262 0.990000
v -12.528510 1.819349 10.990000
v -12.528510 1.819349 0.990000
v -12.458568 1.848320 10.990000
v -12.458568 1.848320 0.990000
v -12.383510 1.858201 10.990000
v -12.383510 1.858201 0.990000
v -12.308453 1.848320 10.990000
v -12.308453 1.848320 0.990000
v -12.238510 1.819349 10.990000
v -12.238510 1.819349 0.990000
v -12.178449 1.773262 10.990000
v -12.178449 1.773262 0.990000
v -12.132362 1.713201 10.990000
v -12.132362 1.713201 0.990000
v -12.103392 1.643259 10.990000
v -12.103392 1.643259 0.990000
v -12.093510 1.568201 10.990000
v -12.093510 1.568201 0.990000
v -12.103392 1.493144 10.990000
v -12.103392 1.493144 0.990000
v -12.132362 1.423201 10.990000
v -12.132362 1.423201 0.990000
v -12.178449 1.363140 10.990000
v -12.178449 1.363140 0.990000
v -12.238510 1.317054 10.990000
v -12.238510 1.317054 0.990000
v -12.308453 1.288083 10.990000
v -12.308453 1.288083 0.990000
v -12.383510 1.278201 10.990000
v -12.383510 1.278201 0.990000
v -12.458568 1.288083 10.990000
v -12.458568 1.288083 0.990000
v -12.528510 1.317054 10.990000
v -12.528510 1.317054 0.990000
v -12.588571 1.363140 10.990000
v -12.588571 1.363140 0.990000
v -12.634657 1.423201 10.990000
v -12.634657 1.423201 0.990000
v -12.663629 1.493144 10.990000
v -12.663629 1.493144 0.990000
v -12.673510 1.568201 10.990000
v -12.673510 1.568201 0.990000
v -12.132362 1.713201 10.990000
v -12.103392 1.643259 10.990000
v -12.383510 1.568201 10.990000
v -12.093510 1.568201 10.990000
v -12.103392 1.493144 10.990000
v -12.308453 1.848320 10.990000
v -12.238510 1.819349 10.990000
v -12.383510 1.568201 10.990000
v -12.178449 1.773262 10.990000
v -12.132362 1.713201 10.990000
v -12.528510 1.819349 10.990000
v -12.458568 1.848320 10.990000
v -12.383510 1.568201 10.990000
v -12.383510 1.858201 10.990000
v -12.308453 1.848320 10.990000
v -12.663629 1.643259 10.990000
v -12.634657 1.713201 10.990000
v -12.383510 1.568201 10.990000
v -12.588571 1.773262 10.990000
v -12.528510 1.819349 10.990000
v -12.634657 1.423201 10.990000
v -12.663629 1.493144 10.990000
v -12.383510 1.568201 10.990000
v -12.673510 1.568201 10.990000
v -12.663629 1.643259 10.990000
v -12.458568 1.288083 10.990000
v -12.528510 1.317054 10.990000
v -12.383510 1.568201 10.990000
v -12.588571 1.363140 10.990000
v -12.634657 1.423201 10.990000
v -12.238510 1.317054 10.990000
v -12.308453 1.288083 10.990000
v -12.383510 1.568201 10.990000
v -12.383510 1.278201 10.990000
v -12.458568 1.288083 10.990000
v -12.103392 1.493144 10.990000
v -12.132362 1.423201 10.990000
v -12.383510 1.568201 10.990000
v -12.178449 1.363140 10.990000
v -12.238510 1.317054 10.990000
v -19.873510 1.568201 10.990000
v -19.873510 1.568201 0.990000
v -19.863628 1.643259 10.990000
v -19.863628 1.643259 0.990000
v -19.834658 1.713201 10.990000
v -19.834658 1.713201 0.990000
v -19.788570 1.773262 10.990000
v -19.788570 1.773262 0.990000
v -19.728510 1.819349 10.990000
v -19.728510 1.819349 0.990000
v -19.658567 1.848320 10.990000
v -19.658567 1.848320 0.990000
v -19.583509 1.858201 10.990000
v -19.583509 1.858201 0.990000
v -19.508453 1.848320 10.990000
v -19.508453 1.848320 0.990000
v -19.438511 1.819349 10.990000
v -19.438511 1.819349 0.990000
v -19.378448 1.773262 10.990000
v -19.378448 1.773262 0.990000
v -19.332363 1.713201 10.990000
v -19.332363 1.713201 0.990000
v -19.303392 1.643259 10.990000
v -19.303392 1.643259 0.990000
v -19.293510 1.568201 10.990000
v -19.293510 1.568201 0.990000
v -19.303392 1.493144 10.990000
v -19.303392 1.493144 0.990000
v -19.332363 1.423201 10.990000
v -19.332363 1.423201 0.990000
v -19.378448 1.363140 10.990000
v -19.378448 1.363140 0.990000
v -19.438511 1.317054 10.990000
v -19.438511 1.317054 0.990000
v -19.508453 1.288083 10.990000
v -19.508453 1.288083 0.990000
v -19.583509 1.278201 10.990000
v -19.583509 1.278201 0.990000
v -19.658567 1.288083 10.990000
v -19.658567 1.288083 0.990000
v -19.728510 1.317054 10.990000
v -19.728510 1.317054 0.990000
v -19.788570 1.363140 10.990000
v -19.788570 1.363140 0.990000
v -19.834658 1.423201 10.990000
v -19.834658 1.423201 0.990000
v -19.863628 1.493144 10.990000
v -19.863628 1.493144 0.990000
v -19.873510 1.568201 10.990000
v -19.873510 1.568201 0.990000
v -19.332363 1.713201 10.990000
v -19.303392 1.643259 10.990000
v -19.583509 1.568201 10.990000
v -19.293510 1.568201 10.990000
v -19.303392 1.493144 10.990000
v -19.508453 1.848320 10.990000
v -19.438511 1.819349 10.990000
v -19.583509 1.568201 10.990000
v -19.378448 1.773262 10.990000
v -19.332363 1.713201 10.990000
v -19.728510 1.819349 10.990000
v -19.658567 1.848320 10.990000
v -19.583509 1.568201 10.990000
v -19.583509 1.858201 10.990000
v -19.508453 1.848320 10.990000
v -19.863628 1.643259 10.990000
v -19.834658 1.713201 10.990000
v -19.583509 1.568201 10.990000
v -19.788570 1.773262 10.990000
v -19.728510 1.819349 10.990000
v -19.834658 1.423201 10.990000
v -19.863628 1.493144 10.990000
v -19.583509 1.568201 10.990000
v -19.873510 1.568201 10.990000
v -19.863628 1.643259 10.990000
v -19.658567 1.288083 10.990000
v -19.728510 1.317054 10.990000
v -19.583509 1.568201 10.990000
v -19.788570 1.363140 10.990000
v -19.834658 1.423201 10.990000
v -19.438511 1.317054 10.990000
v -19.508453 1.288083 10.990000
v -19.583509 1.568201 10.990000
v -19.583509 1.278201 10.990000
v -19.658567 1.288083 10.990000
v -19.303392 1.493144 10.990000
v -19.332363 1.423201 10.990000
v -19.583509 1.568201 10.990000
v -19.378448 1.363140 10.990000
v -19.438511 1.317054 10.990000
v -18.555130 -3.810839 0.990000
v -18.555130 -3.810839 -0.990000
v -18.551836 -3.818868 0.990000
v -8.836048 -27.505117 -0.990000
v -18.551836 -3.818868 4.990000
v -8.836048 -27.505117 4.990000
v -18.551836 -3.818868 4.990000
v -20.402197 -3.818868 4.990000
v -18.551836 -3.818868 0.990000
v -20.402197 -3.818868 0.990000
v -20.402197 -3.818868 4.990000
v -20.402197 -3.898868 4.990000
v -20.402197 -3.818868 0.990000
v -20.402197 -3.898868 0.990000
v -20.402197 -3.898868 4.990000
v -18.605490 -3.898868 4.990000
v -20.402197 -3.898868 0.990000
v -18.605490 -3.898868 0.990000
v -18.605490 -3.898868 4.990000
v -8.889702 -27.585117 4.990000
v -18.605490 -3.898868 0.990000
v -8.889702 -27.585117 0.990000
v -8.783510 -27.585117 0.990000
v -8.889702 -27.585117 0.990000
v -8.889702 -27.585117 4.990000
v -8.783510 -27.585117 0.990000
v -8.889702 -27.585117 4.990000
v -4.683097 -27.585117 0.990000
v 12.529730 -27.585117 0.990000
v 4.916903 -27.585117 0.990000
v 12.529730 -27.585117 4.990000
v 2.206903 -27.585117 0.990000
v -8.889702 -27.585117 4.990000
v -1.182684 -27.585117 0.990000
v -4.683097 -27.585117 0.990000
v 23.841597 -3.906603 4.990000
v 23.841597 -3.906603 0.990000
v 20.016491 -11.913491 0.990000
v 23.841597 -3.906603 4.990000
v 20.016491 -11.913491 0.990000
v 12.529730 -27.585117 4.990000
v 12.816490 -26.984858 0.990000
v 12.529730 -27.585117 0.990000
v 19.104212 0.984319 4.990000
v 19.104212 0.984319 0.990000
v 20.012974 0.808409 0.990000
v 20.016491 0.807183 0.990000
v 20.901114 0.498640 4.990000
v 20.012974 0.808409 0.990000
v 20.012974 0.808409 4.990000
v 19.104212 0.984319 4.990000
v 20.016491 0.807183 0.990000
v 20.901114 0.498640 0.990000
v 20.901114 0.498640 4.990000
v 21.618399 0.124224 0.990000
v 21.618399 0.124224 4.990000
v 22.239439 -0.325485 0.990000
v 22.239439 -0.325485 4.990000
v 22.790241 -0.876441 0.990000
v 22.790241 -0.876441 4.990000
v 23.196941 -1.445283 0.990000
v 23.196941 -1.445283 4.990000
v 23.535313 -2.145103 0.990000
v 23.535313 -2.145103 4.990000
v 23.730478 -2.813043 0.990000
v 23.730478 -2.813043 4.990000
v 23.834942 -3.631643 0.990000
v 23.834942 -3.631643 4.990000
v 23.841597 -3.906603 0.990000
v 23.841597 -3.906603 4.990000
v -20.402197 0.984319 4.990000
v -20.402197 0.984319 0.990000
v -8.783510 0.984319 0.990000
v 2.206903 0.984319 0.990000
v 19.104212 0.984319 4.990000
v -1.182684 0.984319 0.990000
v -20.402197 0.984319 4.990000
v -4.683097 0.984319 0.990000
v -8.783510 0.984319 0.990000
v 2.206903 0.984319 0.990000
v 4.916903 0.984319 0.990000
v 19.104212 0.984319 4.990000
v 12.816490 0.984319 0.990000
v 19.104212 0.984319 0.990000
v -20.402197 0.984319 4.990000
v -20.402197 0.701748 4.990000
v -20.402197 0.984319 0.990000
v -20.402197 0.701748 0.990000
v -18.555130 0.701748 0.990000
v -20.402197 0.701748 0.990000
v -20.402197 0.701748 4.990000
v 19.105530 0.701748 -0.990000
v -18.555130 0.701748 -0.990000
v 19.105639 0.701733 0.990000
v -18.555130 0.701748 0.990000
v 19.104923 0.701748 4.990000
v -20.402197 0.701748 4.990000
v 23.593292 -3.018216 4.990000
v 23.754200 -3.910571 4.990000
v 23.753786 -3.907041 0.990000
v 23.754200 -3.910571 -0.990000
v 23.753786 -3.907041 -0.990000
v 19.826941 0.634612 0.990000
v 19.105639 0.701733 0.990000
v 19.104923 0.701748 4.990000
v 23.753786 -3.907041 0.990000
v 23.593292 -3.018216 0.990000
v 23.593292 -3.018216 4.990000
v 23.319546 -2.181535 0.990000
v 23.319546 -2.181535 4.990000
v 22.945774 -1.447339 0.990000
v 22.945774 -1.447339 4.990000
v 22.476742 -0.813264 0.990000
v 22.476742 -0.813264 4.990000
v 21.916315 -0.280557 0.990000
v 21.916315 -0.280557 4.990000
v 21.269688 0.145644 0.990000
v 21.269688 0.145644 4.990000
v 20.547142 0.456842 0.990000
v 20.547142 0.456842 4.990000
v 19.826941 0.634612 0.990000
v 19.826941 0.634612 4.990000
v 19.104923 0.701748 4.990000
v 12.482447 -27.505117 4.990000
v 12.482447 -27.505117 -0.990000
v 23.754200 -3.910571 4.990000
v 23.754200 -3.910571 -0.990000
v -8.836048 -27.505117 4.990000
v -8.836048 -27.505117 -0.990000
v 12.482447 -27.505117 4.990000
v 12.482447 -27.505117 -0.990000
v -20.402197 -3.898868 4.990000
v -20.402197 -3.818868 4.990000
v -18.605490 -3.898868 4.990000
v -18.551836 -3.818868 4.990000
v -8.889702 -27.585117 4.990000
v -8.836048 -27.505117 4.990000
v 12.529730 -27.585117 4.990000
v 12.482447 -27.505117 4.990000
v 23.841597 -3.906603 4.990000
v 23.754200 -3.910571 4.990000
v -20.402197 0.701748 4.990000
v -20.402197 0.984319 4.990000
v 19.104923 0.701748 4.990000
v 19.104212 0.984319 4.990000
v 19.826941 0.634612 4.990000
v 20.012974 0.808409 4.990000
v 20.547142 0.456842 4.990000
v 20.901114 0.498640 4.990000
v 21.269688 0.145644 4.990000
v 21.618399 0.124224 4.990000
v 21.916315 -0.280557 4.990000
v 22.239439 -0.325485 4.990000
v 22.476742 -0.813264 4.990000
v 22.790241 -0.876441 4.990000
v 22.945774 -1.447339 4.990000
v 23.196941 -1.445283 4.990000
v 23.319546 -2.181535 4.990000
v 23.535313 -2.145103 4.990000
v 23.593292 -3.018216 4.990000
v 23.730478 -2.813043 4.990000
v 23.754200 -3.910571 4.990000
v 23.834942 -3.631643 4.990000
v 23.841597 -3.906603 4.990000
v -18.555130 -3.810839 0.990000
v -18.555130 0.701748 0.990000
v -18.555130 -3.810839 -0.990000
v -18.555130 0.701748 -0.990000
v 19.490927 0.638125 -0.990000
v 19.105530 0.701748 -0.990000
v 19.105639 0.701733 0.990000
v 19.105639 0.701733 0.990000
v 19.490927 0.638125 0.990000
v 19.490927 0.638125 -0.990000
v 20.414858 0.404475 0.990000
v 20.414858 0.404475 -0.990000
v 21.186865 0.085614 0.990000
v 21.186865 0.085614 -0.990000
v 21.745230 -0.253647 0.990000
v 21.745230 -0.253647 -0.990000
v 22.258324 -0.692163 0.990000
v 22.258324 -0.692163 -0.990000
v 22.709146 -1.239676 0.990000
v 22.709146 -1.239676 -0.990000
v 23.077419 -1.877306 0.990000
v 23.077419 -1.877306 -0.990000
v 23.404760 -2.687802 0.990000
v 23.404760 -2.687802 -0.990000
v 23.753786 -3.907041 0.990000
v 23.753786 -3.907041 -0.990000
v 7.527316 -29.895117 10.990000
v 7.527316 -29.895117 0.990000
v 7.537198 -29.820061 10.990000
v 7.537198 -29.820061 0.990000
v 7.566169 -29.750118 10.990000
v 7.566169 -29.750118 0.990000
v 7.612255 -29.690056 10.990000
v 7.612255 -29.690056 0.990000
v 7.672316 -29.643970 10.990000
v 7.672316 -29.643970 0.990000
v 7.742259 -29.615000 10.990000
v 7.742259 -29.615000 0.990000
v 7.817316 -29.605118 10.990000
v 7.817316 -29.605118 0.990000
v 7.892374 -29.615000 10.990000
v 7.892374 -29.615000 0.990000
v 7.962316 -29.643970 10.990000
v 7.962316 -29.643970 0.990000
v 8.022377 -29.690056 10.990000
v 8.022377 -29.690056 0.990000
v 8.068463 -29.750118 10.990000
v 8.068463 -29.750118 0.990000
v 8.097435 -29.820061 10.990000
v 8.097435 -29.820061 0.990000
v 8.107316 -29.895117 10.990000
v 8.107316 -29.895117 0.990000
v 8.097435 -29.970175 10.990000
v 8.097435 -29.970175 0.990000
v 8.068463 -30.040117 10.990000
v 8.068463 -30.040117 0.990000
v 8.022377 -30.100178 10.990000
v 8.022377 -30.100178 0.990000
v 7.962316 -30.146265 10.990000
v 7.962316 -30.146265 0.990000
v 7.892374 -30.175236 10.990000
v 7.892374 -30.175236 0.990000
v 7.817316 -30.185118 10.990000
v 7.817316 -30.185118 0.990000
v 7.742259 -30.175236 10.990000
v 7.742259 -30.175236 0.990000
v 7.672316 -30.146265 10.990000
v 7.672316 -30.146265 0.990000
v 7.612255 -30.100178 10.990000
v 7.612255 -30.100178 0.990000
v 7.566169 -30.040117 10.990000
v 7.566169 -30.040117 0.990000
v 7.537198 -29.970175 10.990000
v 7.537198 -29.970175 0.990000
v 7.527316 -29.895117 10.990000
v 7.527316 -29.895117 0.990000
v 8.068463 -29.750118 10.990000
v 8.097435 -29.820061 10.990000
v 7.817316 -29.895117 10.990000
v 8.107316 -29.895117 10.990000
v 8.097435 -29.970175 10.990000
v 7.892374 -29.615000 10.990000
v 7.962316 -29.643970 10.990000
v 7.817316 -29.895117 10.990000
v 8.022377 -29.690056 10.990000
v 8.068463 -29.750118 10.990000
v 7.672316 -29.643970 10.990000
v 7.742259 -29.615000 10.990000
v 7.817316 -29.895117 10.990000
v 7.817316 -29.605118 10.990000
v 7.892374 -29.615000 10.990000
v 7.537198 -29.820061 10.990000
v 7.566169 -29.750118 10.990000
v 7.817316 -29.895117 10.990000
v 7.612255 -29.690056 10.990000
v 7.672316 -29.643970 10.990000
v 7.566169 -30.040117 10.990000
v 7.537198 -29.970175 10.990000
v 7.817316 -29.895117 10.990000
v 7.527316 -29.895117 10.990000
v 7.537198 -29.820061 10.990000
v 7.742259 -30.175236 10.990000
v 7.672316 -30.146265 10.990000
v 7.817316 -29.895117 10.990000
v 7.612255 -30.100178 10.990000
v 7.566169 -30.040117 10.990000
v 7.962316 -30.146265 10.990000
v 7.892374 -30.175236 10.990000
v 7.817316 -29.895117 10.990000
v 7.817316 -30.185118 10.990000
v 7.742259 -30.175236 10.990000
v 8.097435 -29.970175 10.990000
v 8.068463 -30.040117 10.990000
v 7.817316 -29.895117 10.990000
v 8.022377 -30.100178 10.990000
v 7.962316 -30.146265 10.990000
v 1.527316 -29.895117 10.990000
v 1.527316 -29.895117 0.990000
v 1.537198 -29.820061 10.990000
v 1.537198 -29.820061 0.990000
v 1.566169 -29.750118 10.990000
v 1.566169 -29.750118 0.990000
v 1.612255 -29.690056 10.990000
v 1.612255 -29.690056 0.990000
v 1.672316 -29.643970 10.990000
v 1.672316 -29.643970 0.990000
v 1.742259 -29.615000 10.990000
v 1.742259 -29.615000 0.990000
v 1.817316 -29.605118 10.990000
v 1.817316 -29.605118 0.990000
v 1.892374 -29.615000 10.990000
v 1.892374 -29.615000 0.990000
v 1.962316 -29.643970 10.990000
v 1.962316 -29.643970 0.990000
v 2.022377 -29.690056 10.990000
v 2.022377 -29.690056 0.990000
v 2.068464 -29.750118 10.990000
v 2.068464 -29.750118 0.990000
v 2.097435 -29.820061 10.990000
v 2.097435 -29.820061 0.990000
v 2.107316 -29.895117 10.990000
v 2.107316 -29.895117 0.990000
v 2.097435 -29.970175 10.990000
v 2.097435 -29.970175 0.990000
v 2.068464 -30.040117 10.990000
v 2.068464 -30.040117 0.990000
v 2.022377 -30.100178 10.990000
v 2.022377 -30.100178 0.990000
v 1.962316 -30.146265 10.990000
v 1.962316 -30.146265 0.990000
v 1.892374 -30.175236 10.990000
v 1.892374 -30.175236 0.990000
v 1.817316 -30.185118 10.990000
v 1.817316 -30.185118 0.990000
v 1.742259 -30.175236 10.990000
v 1.742259 -30.175236 0.990000
v 1.672316 -30.146265 10.990000
v 1.672316 -30.146265 0.990000
v 1.612255 -30.100178 10.990000
v 1.612255 -30.100178 0.990000
v 1.566169 -30.040117 10.990000
v 1.566169 -30.040117 0.990000
v 1.537198 -29.970175 10.990000
v 1.537198 -29.970175 0.990000
v 1.527316 -29.895117 10.990000
v 1.527316 -29.895117 0.990000
v 2.068464 -29.750118 10.990000
v 2.097435 -29.820061 10.990000
v 1.817316 -29.895117 10.990000
v 2.107316 -29.895117 10.990000
v 2.097435 -29.970175 10.990000
v 1.892374 -29.615000 10.990000
v 1.962316 -29.643970 10.990000
v 1.817316 -29.895117 10.990000
v 2.022377 -29.690056 10.990000
v 2.068464 -29.750118 10.990000
v 1.672316 -29.643970 10.990000
v 1.742259 -29.615000 10.990000
v 1.817316 -29.895117 10.990000
v 1.817316 -29.605118 10.990000
v 1.892374 -29.615000 10.990000
v 1.537198 -29.820061 10.990000
v 1.566169 -29.750118 10.990000
v 1.817316 -29.895117 10.990000
v 1.612255 -29.690056 10.990000
v 1.672316 -29.643970 10.990000
v 1.566169 -30.040117 10.990000
v 1.537198 -29.970175 10.990000
v 1.817316 -29.895117 10.990000
v 1.527316 -29.895117 10.990000
v 1.537198 -29.820061 10.990000
v 1.742259 -30.175236 10.990000
v 1.672316 -30.146265 10.990000
v 1.817316 -29.895117 10.990000
v 1.612255 -30.100178 10.990000
v 1.566169 -30.040117 10.990000
v 1.962316 -30.146265 10.990000
v 1.892374 -30.175236 10.990000
v 1.817316 -29.895117 10.990000
v 1.817316 -30.185118 10.990000
v 1.742259 -30.175236 10.990000
v 2.097435 -29.970175 10.990000
v 2.068464 -30.040117 10.990000
v 1.817316 -29.895117 10.990000
v 2.022377 -30.100178 10.990000
v 1.962316 -30.146265 10.990000
v -4.472684 -29.895117 10.990000
v -4.472684 -29.895117 0.990000
v -4.462802 -29.820061 10.990000
v -4.462802 -29.820061 0.990000
v -4.433831 -29.750118 10.990000
v -4.433831 -29.750118 0.990000
v -4.387745 -29.690056 10.990000
v -4.387745 -29.690056 0.990000
v -4.327684 -29.643970 10.990000
v -4.327684 -29.643970 0.990000
v -4.257741 -29.615000 10.990000
v -4.257741 -29.615000 0.990000
v -4.182684 -29.605118 10.990000
v -4.182684 -29.605118 0.990000
v -4.107626 -29.615000 10.990000
v -4.107626 -29.615000 0.990000
v -4.037684 -29.643970 10.990000
v -4.037684 -29.643970 0.990000
v -3.977623 -29.690056 10.990000
v -3.977623 -29.690056 0.990000
v -3.931536 -29.750118 10.990000
v -3.931536 -29.750118 0.990000
v -3.902565 -29.820061 10.990000
v -3.902565 -29.820061 0.990000
v -3.892684 -29.895117 10.990000
v -3.892684 -29.895117 0.990000
v -3.902565 -29.970175 10.990000
v -3.902565 -29.970175 0.990000
v -3.931536 -30.040117 10.990000
v -3.931536 -30.040117 0.990000
v -3.977623 -30.100178 10.990000
v -3.977623 -30.100178 0.990000
v -4.037684 -30.146265 10.990000
v -4.037684 -30.146265 0.990000
v -4.107626 -30.175236 10.990000
v -4.107626 -30.175236 0.990000
v -4.182684 -30.185118 10.990000
v -4.182684 -30.185118 0.990000
v -4.257741 -30.175236 10.990000
v -4.257741 -30.175236 0.990000
v -4.327684 -30.146265 10.990000
v -4.327684 -30.146265 0.990000
v -4.387745 -30.100178 10.990000
v -4.387745 -30.100178 0.990000
v -4.433831 -30.040117 10.990000
v -4.433831 -30.040117 0.990000
v -4.462802 -29.970175 10.990000
v -4.462802 -29.970175 0.990000
v -4.472684 -29.895117 10.990000
v -4.472684 -29.895117 0.990000
v -3.931536 -29.750118 10.990000
v -3.902565 -29.820061 10.990000
v -4.182684 -29.895117 10.990000
v -3.892684 -29.895117 10.990000
v -3.902565 -29.970175 10.990000
v -4.107626 -29.615000 10.990000
v -4.037684 -29.643970 10.990000
v -4.182684 -29.895117 10.990000
v -3.977623 -29.690056 10.990000
v -3.931536 -29.750118 10.990000
v -4.327684 -29.643970 10.990000
v -4.257741 -29.615000 10.990000
v -4.182684 -29.895117 10.990000
v -4.182684 -29.605118 10.990000
v -4.107626 -29.615000 10.990000
v -4.462802 -29.820061 10.990000
v -4.433831 -29.750118 10.990000
v -4.182684 -29.895117 10.990000
v -4.387745 -29.690056 10.990000
v -4.327684 -29.643970 10.990000
v -4.433831 -30.040117 10.990000
v -4.462802 -29.970175 10.990000
v -4.182684 -29.895117 10.990000
v -4.472684 -29.895117 10.990000
v -4.462802 -29.820061 10.990000
v -4.257741 -30.175236 10.990000
v -4.327684 -30.146265 10.990000
v -4.182684 -29.895117 10.990000
v -4.387745 -30.100178 10.990000
v -4.433831 -30.040117 10.990000
v -4.037684 -30.146265 10.990000
v -4.107626 -30.175236 10.990000
v -4.182684 -29.895117 10.990000
v -4.182684 -30.185118 10.990000
v -4.257741 -30.175236 10.990000
v -3.902565 -29.970175 10.990000
v -3.931536 -30.040117 10.990000
v -4.182684 -29.895117 10.990000
v -3.977623 -30.100178 10.990000
v -4.037684 -30.146265 10.990000
v -18.545130 -3.808868 5.000000
v -8.829342 -27.495117 5.000000
v -18.545130 -3.808868 1.000000
v -8.829342 -27.495117 -1.000000
v -18.545130 -3.808868 -1.000000
v -20.412197 -3.808868 5.000000
v -18.545130 -3.808868 5.000000
v -20.412197 -3.808868 1.000000
v -18.545130 -3.808868 1.000000
v -20.412197 -3.908868 5.000000
v -20.412197 -3.808868 5.000000
v -20.412197 -3.908868 1.000000
v -20.412197 -3.808868 1.000000
v -18.612196 -3.908868 5.000000
v -20.412197 -3.908868 5.000000
v -18.612196 -3.908868 1.000000
v -20.412197 -3.908868 1.000000
v -8.896409 -27.595118 5.000000
v -18.612196 -3.908868 5.000000
v -8.896409 -27.595118 1.000000
v -18.612196 -3.908868 1.000000
v 4.916903 -27.595118 1.000000
v 12.536035 -27.595118 1.000000
v 12.536035 -27.595118 5.000000
v -8.896409 -27.595118 5.000000
v -8.896409 -27.595118 1.000000
v -8.783510 -27.595118 1.000000
v -8.783510 -27.595118 1.000000
v -4.683097 -27.595118 1.000000
v -8.896409 -27.595118 5.000000
v -1.182684 -27.595118 1.000000
v 12.536035 -27.595118 5.000000
v 2.216903 -27.595118 1.000000
v 4.916903 -27.595118 1.000000
v 23.851599 -3.908868 1.000000
v 23.851599 -3.908868 5.000000
v 12.816490 -27.008057 1.000000
v 12.536035 -27.595118 5.000000
v 12.536035 -27.595118 1.000000
v 23.851599 -3.908868 5.000000
v 23.851599 -3.908868 1.000000
v 23.725607 -2.744333 1.000000
v 23.851599 -3.908868 5.000000
v 23.725607 -2.744333 1.000000
v 23.725607 -2.744333 5.000000
v 23.329283 -1.660876 1.000000
v 23.329283 -1.660876 5.000000
v 22.750683 -0.814886 1.000000
v 22.750683 -0.814886 5.000000
v 21.821465 0.004483 1.000000
v 21.821465 0.004483 5.000000
v 20.647978 0.613084 1.000000
v 20.647978 0.613084 5.000000
v 19.104815 0.994319 1.000000
v 19.104815 0.994319 5.000000
v -8.783510 0.994319 1.000000
v -20.412197 0.994319 1.000000
v -20.412197 0.994319 5.000000
v 19.104815 0.994319 1.000000
v 12.816490 0.994319 1.000000
v 19.104815 0.994319 5.000000
v 4.916903 0.994319 1.000000
v 4.916903 0.994319 1.000000
v 2.216903 0.994319 1.000000
v 19.104815 0.994319 5.000000
v -1.182684 0.994319 1.000000
v -20.412197 0.994319 5.000000
v -4.683097 0.994319 1.000000
v -8.783510 0.994319 1.000000
v -20.412197 0.691748 5.000000
v -20.412197 0.994319 5.000000
v -20.412197 0.691748 1.000000
v -20.412197 0.994319 1.000000
v 19.104815 0.691748 5.000000
v -20.412197 0.691748 5.000000
v -18.545130 0.691748 1.000000
v -20.412197 0.691748 1.000000
v 19.104815 0.691748 5.000000
v -18.545130 0.691748 1.000000
v 19.104815 0.691748 1.000000
v -18.545130 0.691748 -1.000000
v 19.104815 0.691748 -1.000000
v 19.104815 0.691748 5.000000
v 19.104815 0.691748 1.000000
v 20.328548 0.513110 1.000000
v 19.104815 0.691748 5.000000
v 20.328548 0.513110 1.000000
v 20.328548 0.513110 5.000000
v 21.312572 0.110787 1.000000
v 21.312572 0.110787 5.000000
v 22.103071 -0.451142 1.000000
v 22.103071 -0.451142 5.000000
v 22.844746 -1.308471 1.000000
v 22.844746 -1.308471 5.000000
v 23.393808 -2.399625 1.000000
v 23.393808 -2.399625 5.000000
v 23.743931 -3.908868 1.000000
v 23.743931 -3.908868 5.000000
v 23.743931 -3.908868 -1.000000
v 12.476141 -27.495117 -1.000000
v 23.743931 -3.908868 1.000000
v 12.476141 -27.495117 5.000000
v 23.743931 -3.908868 5.000000
v -8.829342 -27.495117 -1.000000
v -8.829342 -27.495117 5.000000
v 12.476141 -27.495117 -1.000000
v 12.476141 -27.495117 5.000000
v -20.412197 -3.808868 5.000000
v -20.412197 -3.908868 5.000000
v -18.545130 -3.808868 5.000000
v -18.612196 -3.908868 5.000000
v -8.829342 -27.495117 5.000000
v -8.896409 -27.595118 5.000000
v 12.476141 -27.495117 5.000000
v 12.536035 -27.595118 5.000000
v 23.743931 -3.908868 5.000000
v 23.851599 -3.908868 5.000000
v 23.393808 -2.399625 5.000000
v -20.412197 0.994319 5.000000
v -20.412197 0.691748 5.000000
v 19.104815 0.994319 5.000000
v 19.104815 0.691748 5.000000
v 20.647978 0.613084 5.000000
v 19.104815 0.691748 5.000000
v 20.328548 0.513110 5.000000
v 20.647978 0.613084 5.000000
v 21.312572 0.110787 5.000000
v 21.821465 0.004483 5.000000
v 22.103071 -0.451142 5.000000
v 22.750683 -0.814886 5.000000
v 22.844746 -1.308471 5.000000
v 23.329283 -1.660876 5.000000
v 23.393808 -2.399625 5.000000
v 23.725607 -2.744333 5.000000
v 23.851599 -3.908868 5.000000
v 20.016491 9.094318 1.000000
v 23.392794 9.094318 1.000000
v 23.392794 9.094318 11.000000
v -13.207207 9.094318 1.000000
v -8.783510 9.094318 1.000000
v -13.207207 9.094318 11.000000
v -4.683097 9.094318 1.000000
v -1.182684 9.094318 1.000000
v -1.182684 9.094318 1.000000
v 2.216903 9.094318 1.000000
v -13.207207 9.094318 11.000000
v 4.916903 9.094318 1.000000
v 23.392794 9.094318 11.000000
v 12.816490 9.094318 1.000000
v 20.016491 9.094318 1.000000
v 13.217316 -32.137897 11.000000
v 13.217316 -32.137897 1.000000
v 12.816490 -32.137897 1.000000
v 12.816490 -32.137897 1.000000
v 4.916903 -32.137897 1.000000
v 13.217316 -32.137897 11.000000
v 2.216903 -32.137897 1.000000
v -10.782684 -32.137897 11.000000
v -1.182684 -32.137897 1.000000
v -1.182684 -32.137897 1.000000
v -4.683097 -32.137897 1.000000
v -10.782684 -32.137897 11.000000
v -8.783510 -32.137897 1.000000
v -10.782684 -32.137897 1.000000
vn -0.0000 -0.0000 1.0000
vn -0.0000 -0.0000 -1.0000
vn -0.0000 -0.0001 1.0000
vn -0.0000 0.0002 1.0000
vn -0.0000 0.0001 1.0000
vn -0.0000 -0.0002 1.0000
vn -0.8836 0.4682 -0.0000
vn -0.9469 -0.3214 -0.0000
vn -0.0000 -1.0000 -0.0000
vn 0.9469 -0.3214 -0.0000
vn 0.8836 0.4682 -0.0000
vn -0.0000 1.0000 -0.0000
vn -0.7552 0.6555 -0.0000
vn -1.0000 -0.0000 -0.0000
vn 1.0000 -0.0000 -0.0000
vn 0.9746 0.2240 -0.0000
vn 0.2240 -0.9746 -0.0000
vn -0.2240 0.9746 -0.0000
vn -0.2107 0.9775 -0.0000
vn 0.9775 0.2107 -0.0000
vn 0.2107 -0.9775 -0.0000
vn 0.2687 0.9632 -0.0000
vn -0.9786 -0.2058 -0.0000
vn -0.9775 -0.2107 -0.0000
vn 0.4401 0.8979 -0.0000
vn 0.2242 0.9745 -0.0000
vn 0.0578 0.9983 -0.0000
vn 0.1260 0.9920 -0.0000
vn 0.2241 0.9746 -0.0000
vn -0.1083 0.9941 -0.0000
vn -0.0731 0.9973 -0.0000
vn -0.0732 0.9973 -0.0000
vn -0.0197 0.9998 -0.0000
vn 0.0577 0.9983 -0.0000
vn -0.3297 0.9441 -0.0000
vn -0.2872 0.9579 -0.0000
vn -0.3296 0.9441 -0.0000
vn -0.2523 0.9676 -0.0000
vn -0.1947 0.9809 -0.0000
vn -0.1388 0.9903 -0.0000
vn -0.1084 0.9941 -0.0000
vn 0.9329 0.3602 -0.0000
vn -0.8805 0.4741 -0.0000
vn -0.8864 0.4628 -0.0000
vn -0.9659 0.2589 -0.0000
vn -0.9659 0.2588 -0.0000
vn -0.8660 0.5000 -0.0000
vn -0.7071 0.7071 -0.0000
vn -0.5000 0.8660 -0.0000
vn -0.2588 0.9659 -0.0000
vn 0.2588 0.9659 -0.0000
vn 0.5000 0.8660 -0.0000
vn 0.7071 0.7071 -0.0000
vn 0.8660 0.5000 -0.0000
vn 0.9659 0.2588 -0.0000
vn 0.9659 -0.2588 -0.0000
vn 0.8660 -0.5000 -0.0000
vn 0.7071 -0.7071 -0.0000
vn 0.5000 -0.8660 -0.0000
vn 0.2588 -0.9659 -0.0000
vn -0.2588 -0.9659 -0.0000
vn -0.5000 -0.8660 -0.0000
vn -0.7071 -0.7071 -0.0000
vn -0.8660 -0.5000 -0.0000
vn -0.9659 -0.2588 -0.0000
vn -0.9690 -0.2471 -0.0000
vn -0.9276 -0.3735 -0.0000
vn -0.8211 -0.5709 -0.0000
vn -0.8210 -0.5709 -0.0000
vn -0.6507 -0.7594 -0.0000
vn -0.4361 -0.8999 -0.0000
vn -0.2360 -0.9718 -0.0000
vn -0.1423 -0.9898 -0.0000
vn -0.2589 0.9659 -0.0000
vn -0.0001 1.0000 -0.0000
vn 0.0001 1.0000 -0.0000
vn 0.2589 0.9659 -0.0000
vn 0.8836 -0.4682 -0.0000
vn 0.9469 0.3214 -0.0000
vn -0.9469 0.3214 -0.0000
vn -0.8836 -0.4682 -0.0000
vn 0.7552 -0.6555 -0.0000
vn -0.9746 -0.2240 -0.0000
vn -0.2687 -0.9632 -0.0000
vn 0.9786 0.2058 -0.0000
vn 0.3289 -0.9444 -0.0000
vn 0.3026 -0.9531 0.0001
vn 0.2441 -0.9697 -0.0000
vn 0.2804 -0.9599 -0.0000
vn 0.2101 -0.9777 -0.0000
vn 0.1791 -0.9838 -0.0000
vn 0.1450 -0.9894 -0.0000
vn 0.1068 -0.9943 -0.0000
vn 0.0758 -0.9971 -0.0000
vn 0.0209 -0.9998 -0.0000
vn -0.0285 -0.9996 -0.0000
vn -0.1086 -0.9941 -0.0000
vn -0.1085 -0.9941 -0.0000
vn -0.3223 -0.9466 -0.0000
vn -0.4354 -0.9002 -0.0000
vn -0.4355 -0.9002 -0.0000
vn -0.9329 -0.3602 -0.0000
vn 0.8805 -0.4741 -0.0000
vn 0.8864 -0.4628 -0.0000
vn -0.8934 0.4493 -0.0000
vn -0.8934 -0.4493 -0.0000
vn -0.6607 -0.7506 -0.0000
vn -0.6607 0.7506 -0.0000
vn -0.5000 -0.8661 -0.0000
vn -0.9252 -0.3796 -0.0000
vn -0.9252 -0.3795 -0.0000
vn 0.9252 0.3795 -0.0000
vn -0.9023 0.4311 -0.0000
vn -0.1204 -0.9927 -0.0000
vn -0.2587 -0.9659 -0.0000
vn -0.2593 -0.9658 -0.0000
vn -0.3999 -0.9165 -0.0000
vn -0.4000 -0.9165 -0.0000
vn -0.5254 -0.8508 -0.0000
vn -0.6464 -0.7630 -0.0000
vn -0.7647 -0.6444 -0.0000
vn -0.8576 -0.5143 -0.0000
vn -0.9355 -0.3534 -0.0000
vn -0.9782 -0.2079 -0.0000
vn -0.9782 -0.2078 -0.0000
vn -0.9988 -0.0485 -0.0000
vn -1.0000 -0.0004 -0.0000
vn 0.9703 0.2418 -0.0000
vn 0.9932 0.1167 -0.0000
vn 0.9932 0.1168 -0.0000
vn 0.9932 0.1165 -0.0000
vn 0.9931 0.1169 -0.0000
vn 0.1643 0.9864 -0.0000
vn 0.0217 0.9998 -0.0000
vn 0.0216 0.9998 -0.0000
vn 0.9240 0.3823 -0.0000
vn 0.8510 0.5251 -0.0000
vn 0.7496 0.6619 -0.0000
vn 0.7497 0.6617 -0.0000
vn 0.6221 0.7830 -0.0000
vn 0.4748 0.8801 -0.0000
vn 0.3150 0.9491 -0.0000
vn 0.1644 0.9864 -0.0000
vn 0.9023 -0.4311 -0.0000
vn 0.1844 0.9829 -0.0000
vn 0.1423 0.9898 -0.0000
vn 0.1843 0.9829 -0.0000
vn 0.3119 0.9501 -0.0000
vn 0.4556 0.8902 -0.0000
vn 0.5831 0.8124 -0.0000
vn 0.7125 0.7016 -0.0000
vn 0.7125 0.7017 -0.0000
vn 0.8237 0.5671 -0.0000
vn 0.8999 0.4360 -0.0000
vn 0.8999 0.4361 -0.0000
vn 0.9471 0.3211 -0.0000
vn 0.9690 0.2471 -0.0000
vn 0.9751 0.2217 -0.0000
vn 0.9751 0.2218 -0.0000
vn 0.8862 0.4634 -0.0000
vn 0.7542 0.6566 -0.0000
vn 0.5625 0.8268 -0.0000
vn 0.3579 0.9338 -0.0000
vn 0.1203 0.9927 -0.0000
vn -0.0217 -0.9998 -0.0000
vn -0.2688 -0.9632 -0.0000
vn -0.2689 -0.9632 -0.0000
vn -0.4853 -0.8744 -0.0000
vn -0.6666 -0.7454 -0.0000
vn -0.8317 -0.5552 -0.0000
vn -0.9390 -0.3440 -0.0000
vn -0.9932 -0.1167 -0.0000
s 0
usemtl color
f 1//1 2//1 3//1
f 3//1 2//1 4//1
f 3//1 4//1 5//1
f 6//1 7//1 8//1
f 8//1 7//1 9//1
f 8//1 9//1 10//1
f 10//1 9//1 11//1
f 10//1 11//1 12//1
f 12//1 11//1 13//1
f 12//1 13//1 14//1
f 15//1 16//1 17//1
f 18//1 19//1 20//1
f 21//1 22//1 23//1
f 24//1 25//1 26//1
f 27//1 28//1 29//1
f 30//1 31//1 32//1
f 33//1 34//1 35//1
f 35//1 34//1 36//1
f 37//1 38//1 39//1
f 39//1 38//1 40//1
f 39//1 40//1 41//1
f 42//1 43//1 44//1
f 44//1 43//1 45//1
f 46//1 47//1 48//1
f 48//1 47//1 49//1
f 50//1 51//1 52//1
f 53//1 54//1 55//1
f 55//1 54//1 56//1
f 55//1 56//1 57//1
f 57//1 56//1 58//1
f 57//1 58//1 59//1
f 59//1 58//1 60//1
f 59//1 60//1 61//1
f 62//1 63//1 64//1
f 64//1 63//1 65//1
f 64//1 65//1 66//1
f 66//1 65//1 67//1
f 66//1 67//1 68//1
f 69//1 70//1 71//1
f 71//1 70//1 72//1
f 71//1 72//1 73//1
f 73//1 72//1 74//1
f 73//1 74//1 75//1
f 75//1 74//1 76//1
f 77//1 78//1 79//1
f 80//1 81//1 82//1
f 82//1 81//1 83//1
f 82//1 83//1 84//1
f 85//1 86//1 87//1
f 87//1 86//1 88//1
f 87//1 88//1 89//1
f 90//1 91//1 92//1
f 93//1 94//1 95//1
f 95//1 94//1 96//1
f 95//1 96//1 97//1
f 98//1 99//1 100//1
f 100//1 99//1 101//1
f 100//1 101//1 102//1
f 102//1 101//1 103//1
f 102//1 103//1 104//1
f 105//1 106//1 107//1
f 107//1 106//1 108//1
f 107//1 108//1 109//1
f 110//1 111//1 112//1
f 113//1 114//1 115//1
f 115//1 114//1 116//1
f 115//1 116//1 117//1
f 117//1 116//1 118//1
f 117//1 118//1 119//1
f 120//1 121//1 122//1
f 122//1 121//1 123//1
f 122//1 123//1 124//1
f 125//1 126//1 127//1
f 128//1 129//1 130//1
f 130//1 129//1 131//1
f 132//1 133//1 134//1
f 134//1 133//1 135//1
f 134//1 135//1 136//1
f 137//1 138//1 139//1
f 139//1 138//1 140//1
f 139//1 140//1 141//1
f 142//1 143//1 144//1
f 145//1 146//1 147//1
f 147//1 146//1 148//1
f 147//1 148//1 149//1
f 150//1 151//1 152//1
f 152//1 151//1 153//1
f 152//1 153//1 154//1
f 155//1 156//1 157//1
f 157//1 156//1 158//1
f 157//1 158//1 159//1
f 159//1 158//1 160//1
f 159//1 160//1 161//1
f 162//1 163//1 164//1
f 164//1 163//1 165//1
f 164//1 165//1 166//1
f 166//1 165//1 167//1
f 166//1 167//1 168//1
f 169//1 170//1 171//1
f 171//1 170//1 172//1
f 171//1 172//1 173//1
f 173//1 172//1 174//1
f 175//1 176//1 177//1
f 177//1 176//1 178//1
f 179//1 180//1 181//1
f 181//1 180//1 182//1
f 183//1 184//1 185//1
f 186//1 187//1 188//1
f 188//1 187//1 189//1
f 188//1 189//1 190//1
f 191//1 192//1 193//1
f 193//1 192//1 194//1
f 193//1 194//1 195//1
f 196//1 197//1 198//1
f 198//1 197//1 199//1
f 198//1 199//1 200//1
f 200//1 199//1 201//1
f 200//1 201//1 202//1
f 203//1 204//1 205//1
f 205//1 204//1 206//1
f 205//1 206//1 207//1
f 207//1 206//1 208//1
f 207//1 208//1 209//1
f 210//1 211//1 212//1
f 212//1 211//1 213//1
f 212//1 213//1 214//1
f 214//1 213//1 215//1
f 214//1 215//1 216//1
f 217//1 218//1 219//1
f 219//1 218//1 220//1
f 219//1 220//1 221//1
f 221//1 220//1 222//1
f 221//1 222//1 223//1
f 224//1 225//1 226//1
f 226//1 225//1 227//1
f 226//1 227//1 228//1
f 229//1 230//1 231//1
f 231//1 230//1 232//1
f 231//1 232//1 233//1
f 233//1 232//1 234//1
f 233//1 234//1 235//1
f 236//1 237//1 238//1
f 238//1 237//1 239//1
f 238//1 239//1 240//1
f 240//1 239//1 241//1
f 240//1 241//1 242//1
f 243//1 244//1 245//1
f 245//1 244//1 246//1
f 245//1 246//1 247//1
f 247//1 246//1 248//1
f 247//1 248//1 249//1
f 249//1 248//1 250//1
f 249//1 250//1 251//1
f 251//1 250//1 252//1
f 251//1 252//1 253//1
f 254//1 255//1 256//1
f 256//1 255//1 257//1
f 256//1 257//1 258//1
f 258//1 257//1 259//1
f 258//1 259//1 260//1
f 260//1 259//1 261//1
f 260//1 261//1 262//1
f 262//1 261//1 263//1
f 262//1 263//1 264//1
f 264//1 263//1 265//1
f 264//1 265//1 266//1
f 266//1 265//1 267//1
f 268//1 269//1 270//1
f 270//1 269//1 271//1
f 270//1 271//1 272//1
f 272//1 271//1 273//1
f 272//1 273//1 274//1
f 274//1 273//1 275//1
f 274//1 275//1 276//1
f 276//1 275//1 277//1
f 276//1 277//1 278//1
f 278//1 277//1 279//1
f 278//1 279//1 280//1
f 280//1 279//1 281//1
f 280//1 281//1 282//1
f 282//1 281//1 283//1
f 284//1 285//1 286//1
f 286//1 285//1 287//1
f 286//1 287//1 288//1
f 289//1 290//1 291//1
f 292//1 293//1 294//1
f 294//1 293//1 295//1
f 294//1 295//1 296//1
f 297//1 298//1 299//1
f 300//1 301//1 302//1
f 302//1 301//1 303//1
f 302//1 303//1 304//1
f 305//1 306//1 307//1
f 308//1 309//1 310//1
f 310//1 309//1 311//1
f 310//1 311//1 312//1
f 312//1 311//1 313//1
f 312//1 313//1 314//1
f 314//1 313//1 315//1
f 316//1 317//1 318//1
f 318//1 317//1 319//1
f 318//1 319//1 320//1
f 321//1 322//1 323//1
f 323//1 322//1 324//1
f 323//1 324//1 325//1
f 326//1 327//1 328//1
f 328//1 327//1 329//1
f 328//1 329//1 330//1
f 331//1 332//1 333//1
f 334//1 335//1 336//1
f 336//1 335//1 337//1
f 336//1 337//1 338//1
f 339//1 340//1 341//1
f 341//1 340//1 342//1
f 341//1 342//1 343//1
f 344//1 345//1 346//1
f 346//1 345//1 347//1
f 346//1 347//1 348//1
f 349//1 350//1 351//1
f 351//1 350//1 352//1
f 351//1 352//1 353//1
f 353//1 352//1 354//1
f 355//1 356//1 357//1
f 357//1 356//1 358//1
f 357//1 358//1 359//1
f 360//1 361//1 362//1
f 362//1 361//1 363//1
f 362//1 363//1 364//1
f 364//1 363//1 365//1
f 364//1 365//1 366//1
f 366//1 365//1 367//1
f 366//1 367//1 368//1
f 368//1 367//1 369//1
f 370//1 371//1 372//1
f 372//1 371//1 373//1
f 372//1 373//1 374//1
f 374//1 373//1 375//1
f 374//1 375//1 376//1
f 376//1 375//1 377//1
f 376//1 377//1 378//1
f 379//1 380//1 381//1
f 381//1 380//1 382//1
f 381//1 382//1 383//1
f 384//1 385//1 386//1
f 386//1 385//1 387//1
f 386//1 387//1 388//1
f 388//1 387//1 389//1
f 388//1 389//1 390//1
f 391//1 392//1 393//1
f 394//1 395//1 396//1
f 396//1 395//1 397//1
f 396//1 397//1 398//1
f 399//1 400//1 401//1
f 401//1 400//1 402//1
f 401//1 402//1 403//1
f 404//1 405//1 406//1
f 406//1 405//1 407//1
f 406//1 407//1 408//1
f 408//1 407//1 409//1
f 408//1 409//1 410//1
f 411//1 412//1 413//1
f 413//1 412//1 414//1
f 413//1 414//1 415//1
f 416//1 417//1 418//1
f 418//1 417//1 419//1
f 418//1 419//1 420//1
f 420//1 419//1 421//1
f 420//1 421//1 422//1
f 423//1 424//1 425//1
f 425//1 424//1 426//1
f 425//1 426//1 427//1
f 427//1 426//1 428//1
f 427//1 428//1 429//1
f 430//1 431//1 432//1
f 432//1 431//1 433//1
f 432//1 433//1 434//1
f 434//1 433//1 435//1
f 436//1 437//1 438//1
f 439//1 440//1 441//1
f 441//1 440//1 442//1
f 443//1 444//1 445//1
f 445//1 444//1 446//1
f 445//1 446//1 447//1
f 447//1 446//1 448//1
f 449//1 450//1 451//1
f 451//1 450//1 452//1
f 451//1 452//1 453//1
f 454//1 455//1 456//1
f 456//1 455//1 457//1
f 456//1 457//1 458//1
f 458//1 457//1 459//1
f 458//1 459//1 460//1
f 461//1 462//1 463//1
f 463//1 462//1 464//1
f 463//1 464//1 465//1
f 465//1 464//1 466//1
f 465//1 466//1 467//1
f 468//1 469//1 470//1
f 470//1 469//1 471//1
f 470//1 471//1 472//1
f 472//1 471//1 473//1
f 472//1 473//1 474//1
f 475//1 476//1 477//1
f 477//1 476//1 478//1
f 477//1 478//1 479//1
f 479//1 478//1 480//1
f 479//1 480//1 481//1
f 481//1 480//1 482//1
f 481//1 482//1 483//1
f 484//1 485//1 486//1
f 486//1 485//1 487//1
f 486//1 487//1 488//1
f 489//1 490//1 491//1
f 492//1 493//1 494//1
f 494//1 493//1 495//1
f 494//1 495//1 496//1
f 497//1 498//1 499//1
f 499//1 498//1 500//1
f 499//1 500//1 501//1
f 502//1 503//1 504//1
f 504//1 503//1 505//1
f 504//1 505//1 506//1
f 506//1 505//1 507//1
f 506//1 507//1 508//1
f 509//1 510//1 511//1
f 511//1 510//1 512//1
f 511//1 512//1 513//1
f 514//1 515//1 516//1
f 516//1 515//1 517//1
f 516//1 517//1 518//1
f 518//1 517//1 519//1
f 518//1 519//1 520//1
f 521//1 522//1 523//1
f 523//1 522//1 524//1
f 523//1 524//1 525//1
f 525//1 524//1 526//1
f 525//1 526//1 527//1
f 528//1 529//1 530//1
f 531//1 532//1 533//1
f 533//1 532//1 534//1
f 533//1 534//1 535//1
f 536//1 537//1 538//1
f 538//1 537//1 539//1
f 538//1 539//1 540//1
f 541//1 542//1 543//1
f 544//1 545//1 546//1
f 546//1 545//1 547//1
f 546//1 547//1 548//1
f 548//1 547//1 549//1
f 548//1 549//1 550//1
f 551//1 552//1 553//1
f 553//1 552//1 554//1
f 553//1 554//1 555//1
f 555//1 554//1 556//1
f 555//1 556//1 557//1
f 558//1 559//1 560//1
f 560//1 559//1 561//1
f 560//1 561//1 562//1
f 562//1 561//1 563//1
f 562//1 563//1 564//1
f 565//1 566//1 567//1
f 567//1 566//1 568//1
f 567//1 568//1 569//1
f 569//1 568//1 570//1
f 569//1 570//1 571//1
f 572//1 573//1 574//1
f 575//1 576//1 577//1
f 577//1 576//1 578//1
f 579//1 580//1 581//1
f 582//1 583//1 584//1
f 584//1 583//1 585//1
f 584//1 585//1 586//1
f 587//1 588//1 589//1
f 589//1 588//1 590//1
f 589//1 590//1 591//1
f 591//1 590//1 592//1
f 591//1 592//1 593//1
f 594//1 595//1 596//1
f 596//1 595//1 597//1
f 596//1 597//1 598//1
f 599//1 600//1 601//1
f 601//1 600//1 602//1
f 601//1 602//1 603//1
f 603//1 602//1 604//1
f 603//1 604//1 605//1
f 606//1 607//1 608//1
f 608//1 607//1 609//1
f 608//1 609//1 610//1
f 610//1 609//1 611//1
f 610//1 611//1 612//1
f 613//1 614//1 615//1
f 615//1 614//1 616//1
f 615//1 616//1 617//1
f 618//1 619//1 620//1
f 620//1 619//1 621//1
f 622//1 623//1 624//1
f 624//1 623//1 625//1
f 624//1 625//1 626//1
f 627//1 628//1 629//1
f 629//1 628//1 630//1
f 629//1 630//1 631//1
f 631//1 630//1 632//1
f 631//1 632//1 633//1
f 633//1 632//1 634//1
f 633//1 634//1 635//1
f 636//2 637//2 638//2
f 639//2 640//2 641//2
f 641//2 640//2 642//2
f 641//2 642//2 643//2
f 644//2 645//2 646//2
f 646//2 645//2 647//2
f 646//2 647//2 648//2
f 648//2 647//2 649//2
f 648//2 649//2 650//2
f 650//2 649//2 651//2
f 650//2 651//2 652//2
f 652//2 651//2 653//2
f 652//2 653//2 654//2
f 654//2 653//2 655//2
f 654//2 655//2 656//2
f 656//2 655//2 657//2
f 656//2 657//2 658//2
usemtl color.001
f 659//1 660//1 661//1
f 661//1 660//1 662//1
f 661//1 662//1 663//1
f 663//1 662//1 664//1
f 663//3 664//3 665//3
f 665//1 664//1 666//1
f 665//4 666//4 667//4
f 667//1 666//1 668//1
f 667//1 668//1 669//1
f 669//3 668//3 670//3
f 669//1 670//1 671//1
f 671//3 670//3 672//3
f 673//1 674//1 675//1
f 675//1 674//1 676//1
f 675//1 676//1 677//1
f 677//1 676//1 678//1
f 677//1 678//1 679//1
f 679//1 678//1 680//1
f 679//1 680//1 681//1
f 681//1 680//1 682//1
f 681//1 682//1 683//1
f 684//1 685//1 686//1
f 686//1 685//1 687//1
f 686//1 687//1 688//1
f 689//1 690//1 691//1
f 691//1 690//1 692//1
f 691//1 692//1 693//1
f 693//1 692//1 694//1
f 693//1 694//1 695//1
f 695//1 694//1 696//1
f 695//1 696//1 697//1
f 697//1 696//1 698//1
f 697//1 698//1 699//1
f 699//1 698//1 700//1
f 699//1 700//1 701//1
f 701//1 700//1 702//1
f 701//1 702//1 703//1
f 703//1 702//1 704//1
f 703//1 704//1 705//1
f 705//1 704//1 706//1
f 705//1 706//1 707//1
f 707//1 706//1 708//1
f 707//5 708//5 709//5
f 709//1 708//1 710//1
f 709//3 710//3 711//3
f 711//1 710//1 712//1
f 711//1 712//1 713//1
f 713//1 712//1 714//1
f 713//1 714//1 715//1
f 715//1 714//1 716//1
f 715//4 716//4 717//4
f 717//1 716//1 718//1
f 717//1 718//1 719//1
f 719//1 718//1 720//1
f 719//1 720//1 721//1
f 721//1 720//1 722//1
f 721//1 722//1 723//1
f 723//1 722//1 724//1
f 723//6 724//6 725//6
f 725//1 724//1 726//1
f 725//1 726//1 727//1
f 727//1 726//1 728//1
f 727//1 728//1 729//1
f 729//1 728//1 730//1
f 729//1 730//1 731//1
f 731//1 730//1 732//1
f 731//6 732//6 733//6
f 733//1 732//1 734//1
f 733//1 734//1 735//1
f 735//1 734//1 736//1
f 735//1 736//1 737//1
f 737//1 736//1 738//1
f 737//1 738//1 739//1
f 739//1 738//1 740//1
f 739//1 740//1 741//1
f 741//1 740//1 742//1
f 741//1 742//1 743//1
f 743//1 742//1 744//1
f 743//1 744//1 745//1
f 745//5 744//5 746//5
f 745//1 746//1 747//1
f 747//1 746//1 748//1
f 747//1 748//1 749//1
f 749//1 748//1 750//1
f 749//1 750//1 751//1
f 751//1 750//1 752//1
f 751//1 752//1 753//1
f 753//4 752//4 754//4
f 753//1 754//1 755//1
f 755//1 754//1 756//1
f 755//1 756//1 757//1
f 757//1 756//1 758//1
f 757//1 758//1 759//1
f 759//1 758//1 760//1
f 759//1 760//1 761//1
f 761//6 760//6 762//6
f 761//1 762//1 763//1
f 763//1 762//1 764//1
f 763//6 764//6 765//6
f 765//4 764//4 766//4
f 765//1 766//1 767//1
f 767//1 766//1 768//1
f 767//4 768//4 769//4
f 769//1 768//1 770//1
f 769//1 770//1 771//1
f 771//1 770//1 772//1
f 771//1 772//1 773//1
f 773//1 772//1 774//1
f 773//1 774//1 775//1
f 775//1 774//1 776//1
f 775//1 776//1 777//1
f 777//1 776//1 778//1
f 777//1 778//1 779//1
f 779//1 778//1 780//1
f 779//1 780//1 781//1
f 781//1 780//1 782//1
f 781//1 782//1 783//1
f 783//1 782//1 784//1
f 783//1 784//1 785//1
f 785//1 784//1 786//1
f 785//1 786//1 787//1
f 787//1 786//1 788//1
f 787//1 788//1 789//1
f 789//1 788//1 790//1
f 789//1 790//1 791//1
f 791//1 790//1 792//1
f 791//1 792//1 793//1
f 794//1 795//1 796//1
f 796//1 795//1 797//1
f 796//1 797//1 798//1
f 798//1 797//1 799//1
f 798//1 799//1 800//1
f 800//1 799//1 801//1
f 800//1 801//1 802//1
f 803//7 804//7 805//7
f 805//7 804//7 806//7
f 807//8 808//8 809//8
f 809//8 808//8 810//8
f 811//9 812//9 813//9
f 813//9 812//9 814//9
f 815//10 816//10 817//10
f 817//10 816//10 818//10
f 819//11 820//11 821//11
f 821//11 820//11 822//11
f 823//12 824//12 825//12
f 825//12 824//12 826//12
f 827//13 828//13 829//13
f 829//13 828//13 830//13
f 829//13 830//13 831//13
f 832//12 833//12 834//12
f 834//12 833//12 835//12
f 836//14 837//14 838//14
f 838//14 837//14 839//14
f 840//9 841//9 842//9
f 842//9 841//9 843//9
f 844//14 845//14 846//14
f 846//14 845//14 847//14
f 848//9 849//9 850//9
f 850//9 849//9 851//9
f 852//15 853//15 854//15
f 854//15 853//15 855//15
f 856//9 857//9 858//9
f 858//9 857//9 859//9
f 860//14 861//14 862//14
f 862//14 861//14 863//14
f 864//9 865//9 866//9
f 866//9 865//9 867//9
f 866//9 867//9 868//9
f 869//15 870//15 871//15
f 871//15 870//15 872//15
f 873//14 874//14 875//14
f 875//14 874//14 876//14
f 877//9 878//9 879//9
f 879//9 878//9 880//9
f 881//15 882//15 883//15
f 883//15 882//15 884//15
f 885//9 886//9 887//9
f 887//9 886//9 888//9
f 889//14 890//14 891//14
f 891//14 890//14 892//14
f 893//9 894//9 895//9
f 895//9 894//9 896//9
f 897//15 898//15 899//15
f 899//15 898//15 900//15
f 901//12 902//12 903//12
f 903//12 902//12 904//12
f 905//15 906//15 907//15
f 907//15 906//15 908//15
f 909//9 910//9 911//9
f 911//9 910//9 912//9
f 913//15 914//15 915//15
f 915//15 914//15 916//15
f 915//15 916//15 917//15
f 918//9 919//9 920//9
f 920//9 919//9 921//9
f 922//15 923//15 924//15
f 924//15 923//15 925//15
f 926//12 927//12 928//12
f 928//12 927//12 929//12
f 930//16 931//16 932//16
f 932//16 931//16 933//16
f 934//17 935//17 936//17
f 936//17 935//17 937//17
f 938//16 939//16 940//16
f 940//16 939//16 941//16
f 942//18 943//18 944//18
f 944//18 943//18 945//18
f 946//19 947//19 948//19
f 948//19 947//19 949//19
f 950//20 951//20 952//20
f 952//20 951//20 953//20
f 954//21 955//21 956//21
f 956//21 955//21 957//21
f 958//20 959//20 960//20
f 960//20 959//20 961//20
f 960//20 961//20 962//20
f 963//12 964//12 965//12
f 965//12 964//12 966//12
f 967//22 968//22 969//22
f 969//22 968//22 970//22
f 971//14 972//14 973//14
f 973//14 972//14 974//14
f 973//14 974//14 975//14
f 976//21 977//21 978//21
f 978//21 977//21 979//21
f 980//23 981//23 982//23
f 982//23 981//23 983//23
f 984//21 985//21 986//21
f 986//21 985//21 987//21
f 988//24 989//24 990//24
f 990//24 989//24 991//24
s 1
f 992//25 993//25 994//26
f 995//27 996//28 997//29
f 997//29 996//28 998//26
f 997//29 998//26 999//25
f 1000//30 1001//31 1002//32
f 1002//32 1001//31 1003//33
f 1002//32 1003//33 1004//34
f 1004//34 1003//33 1005//34
f 1004//34 1005//34 1006//28
f 1007//35 1008//36 1009//37
f 1009//37 1008//36 1010//38
f 1009//37 1010//38 1011//39
f 1011//39 1010//38 1012//39
f 1011//39 1012//39 1013//32
f 1013//32 1012//39 1014//40
f 1013//32 1014//40 1015//41
s 0
f 1016//42 1017//42 1018//42
f 1018//42 1017//42 1019//42
f 1020//15 1021//15 1022//15
f 1022//15 1021//15 1023//15
f 1022//15 1023//15 1024//15
f 1025//43 1026//43 1027//43
f 1027//43 1026//43 1028//43
f 1027//43 1028//43 1029//43
f 1030//12 1031//12 1032//12
f 1033//12 1034//12 1035//12
f 1035//12 1034//12 1036//12
f 1035//12 1036//12 1037//12
f 1038//14 1039//14 1040//14
f 1040//14 1039//14 1041//14
f 1042//9 1043//9 1044//9
f 1044//9 1043//9 1045//9
f 1044//9 1045//9 1046//9
f 1046//9 1045//9 1047//9
f 1048//44 1049//44 1050//44
f 1050//44 1049//44 1051//44
f 1050//44 1051//44 1052//44
s 1
f 1053//14 1054//45 1055//46
f 1055//46 1054//45 1056//47
f 1055//46 1056//47 1057//47
f 1057//47 1056//47 1058//48
f 1057//47 1058//48 1059//48
f 1059//48 1058//48 1060//49
f 1059//48 1060//49 1061//49
f 1061//49 1060//49 1062//50
f 1061//49 1062//50 1063//50
f 1063//50 1062//50 1064//12
f 1063//50 1064//12 1065//12
f 1065//12 1064//12 1066//51
f 1065//12 1066//51 1067//51
f 1067//51 1066//51 1068//52
f 1067//51 1068//52 1069//52
f 1069//52 1068//52 1070//53
f 1069//52 1070//53 1071//53
f 1071//53 1070//53 1072//54
f 1071//53 1072//54 1073//54
f 1073//54 1072//54 1074//55
f 1073//54 1074//55 1075//55
f 1075//55 1074//55 1076//15
f 1075//55 1076//15 1077//15
f 1077//15 1076//15 1078//56
f 1077//15 1078//56 1079//56
f 1079//56 1078//56 1080//57
f 1079//56 1080//57 1081//57
f 1081//57 1080//57 1082//58
f 1081//57 1082//58 1083//58
f 1083//58 1082//58 1084//59
f 1083//58 1084//59 1085//59
f 1085//59 1084//59 1086//60
f 1085//59 1086//60 1087//60
f 1087//60 1086//60 1088//9
f 1087//60 1088//9 1089//9
f 1089//9 1088//9 1090//61
f 1089//9 1090//61 1091//61
f 1091//61 1090//61 1092//62
f 1091//61 1092//62 1093//62
f 1093//62 1092//62 1094//63
f 1093//62 1094//63 1095//63
f 1095//63 1094//63 1096//64
f 1095//63 1096//64 1097//64
f 1097//64 1096//64 1098//65
f 1097//64 1098//65 1099//65
f 1099//65 1098//65 1100//14
f 1099//65 1100//14 1101//14
f 1101//14 1100//14 1102//46
s 0
f 1103//1 1104//1 1105//1
f 1105//1 1104//1 1106//1
f 1105//1 1106//1 1107//1
f 1108//1 1109//1 1110//1
f 1110//1 1109//1 1111//1
f 1110//1 1111//1 1112//1
f 1113//1 1114//1 1115//1
f 1115//1 1114//1 1116//1
f 1115//1 1116//1 1117//1
f 1118//1 1119//1 1120//1
f 1120//1 1119//1 1121//1
f 1120//1 1121//1 1122//1
f 1123//1 1124//1 1125//1
f 1125//1 1124//1 1126//1
f 1125//1 1126//1 1127//1
f 1128//1 1129//1 1130//1
f 1130//1 1129//1 1131//1
f 1130//1 1131//1 1132//1
f 1133//1 1134//1 1135//1
f 1135//1 1134//1 1136//1
f 1135//1 1136//1 1137//1
f 1138//1 1139//1 1140//1
f 1140//1 1139//1 1141//1
f 1140//1 1141//1 1142//1
s 1
f 1143//14 1144//45 1145//46
f 1145//46 1144//45 1146//47
f 1145//46 1146//47 1147//47
f 1147//47 1146//47 1148//48
f 1147//47 1148//48 1149//48
f 1149//48 1148//48 1150//49
f 1149//48 1150//49 1151//49
f 1151//49 1150//49 1152//50
f 1151//49 1152//50 1153//50
f 1153//50 1152//50 1154//12
f 1153//50 1154//12 1155//12
f 1155//12 1154//12 1156//51
f 1155//12 1156//51 1157//51
f 1157//51 1156//51 1158//52
f 1157//51 1158//52 1159//52
f 1159//52 1158//52 1160//53
f 1159//52 1160//53 1161//53
f 1161//53 1160//53 1162//54
f 1161//53 1162//54 1163//54
f 1163//54 1162//54 1164//55
f 1163//54 1164//55 1165//55
f 1165//55 1164//55 1166//15
f 1165//55 1166//15 1167//15
f 1167//15 1166//15 1168//56
f 1167//15 1168//56 1169//56
f 1169//56 1168//56 1170//57
f 1169//56 1170//57 1171//57
f 1171//57 1170//57 1172//58
f 1171//57 1172//58 1173//58
f 1173//58 1172//58 1174//59
f 1173//58 1174//59 1175//59
f 1175//59 1174//59 1176//60
f 1175//59 1176//60 1177//60
f 1177//60 1176//60 1178//9
f 1177//60 1178//9 1179//9
f 1179//9 1178//9 1180//61
f 1179//9 1180//61 1181//61
f 1181//61 1180//61 1182//62
f 1181//61 1182//62 1183//62
f 1183//62 1182//62 1184//63
f 1183//62 1184//63 1185//63
f 1185//63 1184//63 1186//64
f 1185//63 1186//64 1187//64
f 1187//64 1186//64 1188//65
f 1187//64 1188//65 1189//65
f 1189//65 1188//65 1190//14
f 1189//65 1190//14 1191//14
f 1191//14 1190//14 1192//46
s 0
f 1193//1 1194//1 1195//1
f 1195//1 1194//1 1196//1
f 1195//1 1196//1 1197//1
f 1198//1 1199//1 1200//1
f 1200//1 1199//1 1201//1
f 1200//1 1201//1 1202//1
f 1203//1 1204//1 1205//1
f 1205//1 1204//1 1206//1
f 1205//1 1206//1 1207//1
f 1208//1 1209//1 1210//1
f 1210//1 1209//1 1211//1
f 1210//1 1211//1 1212//1
f 1213//1 1214//1 1215//1
f 1215//1 1214//1 1216//1
f 1215//1 1216//1 1217//1
f 1218//1 1219//1 1220//1
f 1220//1 1219//1 1221//1
f 1220//1 1221//1 1222//1
f 1223//1 1224//1 1225//1
f 1225//1 1224//1 1226//1
f 1225//1 1226//1 1227//1
f 1228//1 1229//1 1230//1
f 1230//1 1229//1 1231//1
f 1230//1 1231//1 1232//1
s 1
f 1233//14 1234//45 1235//46
f 1235//46 1234//45 1236//47
f 1235//46 1236//47 1237//47
f 1237//47 1236//47 1238//48
f 1237//47 1238//48 1239//48
f 1239//48 1238//48 1240//49
f 1239//48 1240//49 1241//49
f 1241//49 1240//49 1242//50
f 1241//49 1242//50 1243//50
f 1243//50 1242//50 1244//12
f 1243//50 1244//12 1245//12
f 1245//12 1244//12 1246//51
f 1245//12 1246//51 1247//51
f 1247//51 1246//51 1248//52
f 1247//51 1248//52 1249//52
f 1249//52 1248//52 1250//53
f 1249//52 1250//53 1251//53
f 1251//53 1250//53 1252//54
f 1251//53 1252//54 1253//54
f 1253//54 1252//54 1254//55
f 1253//54 1254//55 1255//55
f 1255//55 1254//55 1256//15
f 1255//55 1256//15 1257//15
f 1257//15 1256//15 1258//56
f 1257//15 1258//56 1259//56
f 1259//56 1258//56 1260//57
f 1259//56 1260//57 1261//57
f 1261//57 1260//57 1262//58
f 1261//57 1262//58 1263//58
f 1263//58 1262//58 1264//59
f 1263//58 1264//59 1265//59
f 1265//59 1264//59 1266//60
f 1265//59 1266//60 1267//60
f 1267//60 1266//60 1268//9
f 1267//60 1268//9 1269//9
f 1269//9 1268//9 1270//61
f 1269//9 1270//61 1271//61
f 1271//61 1270//61 1272//62
f 1271//61 1272//62 1273//62
f 1273//62 1272//62 1274//63
f 1273//62 1274//63 1275//63
f 1275//63 1274//63 1276//64
f 1275//63 1276//64 1277//64
f 1277//64 1276//64 1278//65
f 1277//64 1278//65 1279//65
f 1279//65 1278//65 1280//14
f 1279//65 1280//14 1281//14
f 1281//14 1280//14 1282//46
s 0
f 1283//1 1284//1 1285//1
f 1285//1 1284//1 1286//1
f 1285//1 1286//1 1287//1
f 1288//1 1289//1 1290//1
f 1290//1 1289//1 1291//1
f 1290//1 1291//1 1292//1
f 1293//1 1294//1 1295//1
f 1295//1 1294//1 1296//1
f 1295//1 1296//1 1297//1
f 1298//1 1299//1 1300//1
f 1300//1 1299//1 1301//1
f 1300//1 1301//1 1302//1
f 1303//1 1304//1 1305//1
f 1305//1 1304//1 1306//1
f 1305//1 1306//1 1307//1
f 1308//1 1309//1 1310//1
f 1310//1 1309//1 1311//1
f 1310//1 1311//1 1312//1
f 1313//1 1314//1 1315//1
f 1315//1 1314//1 1316//1
f 1315//1 1316//1 1317//1
f 1318//1 1319//1 1320//1
f 1320//1 1319//1 1321//1
f 1320//1 1321//1 1322//1
s 1
f 1323//14 1324//45 1325//46
f 1325//46 1324//45 1326//47
f 1325//46 1326//47 1327//47
f 1327//47 1326//47 1328//48
f 1327//47 1328//48 1329//48
f 1329//48 1328//48 1330//49
f 1329//48 1330//49 1331//49
f 1331//49 1330//49 1332//50
f 1331//49 1332//50 1333//50
f 1333//50 1332//50 1334//12
f 1333//50 1334//12 1335//12
f 1335//12 1334//12 1336//51
f 1335//12 1336//51 1337//51
f 1337//51 1336//51 1338//52
f 1337//51 1338//52 1339//52
f 1339//52 1338//52 1340//53
f 1339//52 1340//53 1341//53
f 1341//53 1340//53 1342//54
f 1341//53 1342//54 1343//54
f 1343//54 1342//54 1344//55
f 1343//54 1344//55 1345//55
f 1345//55 1344//55 1346//15
f 1345//55 1346//15 1347//15
f 1347//15 1346//15 1348//56
f 1347//15 1348//56 1349//56
f 1349//56 1348//56 1350//57
f 1349//56 1350//57 1351//57
f 1351//57 1350//57 1352//58
f 1351//57 1352//58 1353//58
f 1353//58 1352//58 1354//59
f 1353//58 1354//59 1355//59
f 1355//59 1354//59 1356//60
f 1355//59 1356//60 1357//60
f 1357//60 1356//60 1358//9
f 1357//60 1358//9 1359//9
f 1359//9 1358//9 1360//61
f 1359//9 1360//61 1361//61
f 1361//61 1360//61 1362//62
f 1361//61 1362//62 1363//62
f 1363//62 1362//62 1364//63
f 1363//62 1364//63 1365//63
f 1365//63 1364//63 1366//64
f 1365//63 1366//64 1367//64
f 1367//64 1366//64 1368//65
f 1367//64 1368//65 1369//65
f 1369//65 1368//65 1370//14
f 1369//65 1370//14 1371//14
f 1371//14 1370//14 1372//46
s 0
f 1373//1 1374//1 1375//1
f 1375//1 1374//1 1376//1
f 1375//1 1376//1 1377//1
f 1378//1 1379//1 1380//1
f 1380//1 1379//1 1381//1
f 1380//1 1381//1 1382//1
f 1383//1 1384//1 1385//1
f 1385//1 1384//1 1386//1
f 1385//1 1386//1 1387//1
f 1388//1 1389//1 1390//1
f 1390//1 1389//1 1391//1
f 1390//1 1391//1 1392//1
f 1393//1 1394//1 1395//1
f 1395//1 1394//1 1396//1
f 1395//1 1396//1 1397//1
f 1398//1 1399//1 1400//1
f 1400//1 1399//1 1401//1
f 1400//1 1401//1 1402//1
f 1403//1 1404//1 1405//1
f 1405//1 1404//1 1406//1
f 1405//1 1406//1 1407//1
f 1408//1 1409//1 1410//1
f 1410//1 1409//1 1411//1
f 1410//1 1411//1 1412//1
s 1
f 1413//14 1414//45 1415//46
f 1415//46 1414//45 1416//47
f 1415//46 1416//47 1417//47
f 1417//47 1416//47 1418//48
f 1417//47 1418//48 1419//48
f 1419//48 1418//48 1420//49
f 1419//48 1420//49 1421//49
f 1421//49 1420//49 1422//50
f 1421//49 1422//50 1423//50
f 1423//50 1422//50 1424//12
f 1423//50 1424//12 1425//12
f 1425//12 1424//12 1426//51
f 1425//12 1426//51 1427//51
f 1427//51 1426//51 1428//52
f 1427//51 1428//52 1429//52
f 1429//52 1428//52 1430//53
f 1429//52 1430//53 1431//53
f 1431//53 1430//53 1432//54
f 1431//53 1432//54 1433//54
f 1433//54 1432//54 1434//55
f 1433//54 1434//55 1435//55
f 1435//55 1434//55 1436//15
f 1435//55 1436//15 1437//15
f 1437//15 1436//15 1438//56
f 1437//15 1438//56 1439//56
f 1439//56 1438//56 1440//57
f 1439//56 1440//57 1441//57
f 1441//57 1440//57 1442//58
f 1441//57 1442//58 1443//58
f 1443//58 1442//58 1444//59
f 1443//58 1444//59 1445//59
f 1445//59 1444//59 1446//60
f 1445//59 1446//60 1447//60
f 1447//60 1446//60 1448//9
f 1447//60 1448//9 1449//9
f 1449//9 1448//9 1450//61
f 1449//9 1450//61 1451//61
f 1451//61 1450//61 1452//62
f 1451//61 1452//62 1453//62
f 1453//62 1452//62 1454//63
f 1453//62 1454//63 1455//63
f 1455//63 1454//63 1456//64
f 1455//63 1456//64 1457//64
f 1457//64 1456//64 1458//65
f 1457//64 1458//65 1459//65
f 1459//65 1458//65 1460//14
f 1459//65 1460//14 1461//14
f 1461//14 1460//14 1462//46
s 0
f 1463//1 1464//1 1465//1
f 1465//1 1464//1 1466//1
f 1465//1 1466//1 1467//1
f 1468//1 1469//1 1470//1
f 1470//1 1469//1 1471//1
f 1470//1 1471//1 1472//1
f 1473//1 1474//1 1475//1
f 1475//1 1474//1 1476//1
f 1475//1 1476//1 1477//1
f 1478//1 1479//1 1480//1
f 1480//1 1479//1 1481//1
f 1480//1 1481//1 1482//1
f 1483//1 1484//1 1485//1
f 1485//1 1484//1 1486//1
f 1485//1 1486//1 1487//1
f 1488//1 1489//1 1490//1
f 1490//1 1489//1 1491//1
f 1490//1 1491//1 1492//1
f 1493//1 1494//1 1495//1
f 1495//1 1494//1 1496//1
f 1495//1 1496//1 1497//1
f 1498//1 1499//1 1500//1
f 1500//1 1499//1 1501//1
f 1500//1 1501//1 1502//1
s 1
f 1503//14 1504//45 1505//46
f 1505//46 1504//45 1506//47
f 1505//46 1506//47 1507//47
f 1507//47 1506//47 1508//48
f 1507//47 1508//48 1509//48
f 1509//48 1508//48 1510//49
f 1509//48 1510//49 1511//49
f 1511//49 1510//49 1512//50
f 1511//49 1512//50 1513//50
f 1513//50 1512//50 1514//12
f 1513//50 1514//12 1515//12
f 1515//12 1514//12 1516//51
f 1515//12 1516//51 1517//51
f 1517//51 1516//51 1518//52
f 1517//51 1518//52 1519//52
f 1519//52 1518//52 1520//53
f 1519//52 1520//53 1521//53
f 1521//53 1520//53 1522//54
f 1521//53 1522//54 1523//54
f 1523//54 1522//54 1524//55
f 1523//54 1524//55 1525//55
f 1525//55 1524//55 1526//15
f 1525//55 1526//15 1527//15
f 1527//15 1526//15 1528//56
f 1527//15 1528//56 1529//56
f 1529//56 1528//56 1530//57
f 1529//56 1530//57 1531//57
f 1531//57 1530//57 1532//58
f 1531//57 1532//58 1533//58
f 1533//58 1532//58 1534//59
f 1533//58 1534//59 1535//59
f 1535//59 1534//59 1536//60
f 1535//59 1536//60 1537//60
f 1537//60 1536//60 1538//9
f 1537//60 1538//9 1539//9
f 1539//9 1538//9 1540//61
f 1539//9 1540//61 1541//61
f 1541//61 1540//61 1542//62
f 1541//61 1542//62 1543//62
f 1543//62 1542//62 1544//63
f 1543//62 1544//63 1545//63
f 1545//63 1544//63 1546//64
f 1545//63 1546//64 1547//64
f 1547//64 1546//64 1548//65
f 1547//64 1548//65 1549//65
f 1549//65 1548//65 1550//14
f 1549//65 1550//14 1551//14
f 1551//14 1550//14 1552//46
s 0
f 1553//1 1554//1 1555//1
f 1555//1 1554//1 1556//1
f 1555//1 1556//1 1557//1
f 1558//1 1559//1 1560//1
f 1560//1 1559//1 1561//1
f 1560//1 1561//1 1562//1
f 1563//1 1564//1 1565//1
f 1565//1 1564//1 1566//1
f 1565//1 1566//1 1567//1
f 1568//1 1569//1 1570//1
f 1570//1 1569//1 1571//1
f 1570//1 1571//1 1572//1
f 1573//1 1574//1 1575//1
f 1575//1 1574//1 1576//1
f 1575//1 1576//1 1577//1
f 1578//1 1579//1 1580//1
f 1580//1 1579//1 1581//1
f 1580//1 1581//1 1582//1
f 1583//1 1584//1 1585//1
f 1585//1 1584//1 1586//1
f 1585//1 1586//1 1587//1
f 1588//1 1589//1 1590//1
f 1590//1 1589//1 1591//1
f 1590//1 1591//1 1592//1
s 1
f 1593//14 1594//45 1595//46
f 1595//46 1594//45 1596//47
f 1595//46 1596//47 1597//47
f 1597//47 1596//47 1598//48
f 1597//47 1598//48 1599//48
f 1599//48 1598//48 1600//49
f 1599//48 1600//49 1601//49
f 1601//49 1600//49 1602//50
f 1601//49 1602//50 1603//50
f 1603//50 1602//50 1604//12
f 1603//50 1604//12 1605//12
f 1605//12 1604//12 1606//51
f 1605//12 1606//51 1607//51
f 1607//51 1606//51 1608//52
f 1607//51 1608//52 1609//52
f 1609//52 1608//52 1610//53
f 1609//52 1610//53 1611//53
f 1611//53 1610//53 1612//54
f 1611//53 1612//54 1613//54
f 1613//54 1612//54 1614//55
f 1613//54 1614//55 1615//55
f 1615//55 1614//55 1616//15
f 1615//55 1616//15 1617//15
f 1617//15 1616//15 1618//56
f 1617//15 1618//56 1619//56
f 1619//56 1618//56 1620//57
f 1619//56 1620//57 1621//57
f 1621//57 1620//57 1622//58
f 1621//57 1622//58 1623//58
f 1623//58 1622//58 1624//59
f 1623//58 1624//59 1625//59
f 1625//59 1624//59 1626//60
f 1625//59 1626//60 1627//60
f 1627//60 1626//60 1628//9
f 1627//60 1628//9 1629//9
f 1629//9 1628//9 1630//61
f 1629//9 1630//61 1631//61
f 1631//61 1630//61 1632//62
f 1631//61 1632//62 1633//62
f 1633//62 1632//62 1634//63
f 1633//62 1634//63 1635//63
f 1635//63 1634//63 1636//64
f 1635//63 1636//64 1637//64
f 1637//64 1636//64 1638//65
f 1637//64 1638//65 1639//65
f 1639//65 1638//65 1640//14
f 1639//65 1640//14 1641//14
f 1641//14 1640//14 1642//46
s 0
f 1643//1 1644//1 1645//1
f 1645//1 1644//1 1646//1
f 1645//1 1646//1 1647//1
f 1648//1 1649//1 1650//1
f 1650//1 1649//1 1651//1
f 1650//1 1651//1 1652//1
f 1653//1 1654//1 1655//1
f 1655//1 1654//1 1656//1
f 1655//1 1656//1 1657//1
f 1658//1 1659//1 1660//1
f 1660//1 1659//1 1661//1
f 1660//1 1661//1 1662//1
f 1663//1 1664//1 1665//1
f 1665//1 1664//1 1666//1
f 1665//1 1666//1 1667//1
f 1668//1 1669//1 1670//1
f 1670//1 1669//1 1671//1
f 1670//1 1671//1 1672//1
f 1673//1 1674//1 1675//1
f 1675//1 1674//1 1676//1
f 1675//1 1676//1 1677//1
f 1678//1 1679//1 1680//1
f 1680//1 1679//1 1681//1
f 1680//1 1681//1 1682//1
f 1683//15 1684//15 1685//15
f 1685//15 1684//15 1686//15
s 1
f 1687//66 1688//66 1689//67
f 1690//66 1691//67 1692//67
f 1692//67 1691//67 1693//68
f 1692//67 1693//68 1694//69
f 1694//69 1693//68 1695//70
f 1694//69 1695//70 1696//70
f 1696//70 1695//70 1697//71
f 1696//70 1697//71 1698//71
f 1698//71 1697//71 1699//72
f 1698//71 1699//72 1700//72
f 1700//72 1699//72 1701//73
f 1700//72 1701//73 1702//73
f 1703//14 1704//46 1705//46
f 1705//46 1704//46 1706//47
f 1705//46 1706//47 1707//47
f 1707//47 1706//47 1708//48
f 1707//47 1708//48 1709//48
f 1709//48 1708//48 1710//49
f 1709//48 1710//49 1711//49
f 1711//49 1710//49 1712//74
f 1711//49 1712//74 1713//50
f 1713//50 1712//74 1714//75
f 1713//50 1714//75 1715//76
f 1715//76 1714//75 1716//51
f 1715//76 1716//51 1717//77
f 1717//77 1716//51 1718//52
f 1717//77 1718//52 1719//52
f 1719//52 1718//52 1720//53
f 1719//52 1720//53 1721//53
f 1721//53 1720//53 1722//54
f 1721//53 1722//54 1723//54
f 1723//54 1722//54 1724//55
f 1723//54 1724//55 1725//55
f 1725//55 1724//55 1726//15
f 1725//55 1726//15 1727//15
f 1727//15 1726//15 1728//56
f 1727//15 1728//56 1729//56
f 1729//56 1728//56 1730//57
f 1729//56 1730//57 1731//57
f 1731//57 1730//57 1732//58
f 1731//57 1732//58 1733//58
f 1733//58 1732//58 1734//59
f 1733//58 1734//59 1735//59
f 1735//59 1734//59 1736//60
f 1735//59 1736//60 1737//60
f 1737//60 1736//60 1738//9
f 1737//60 1738//9 1739//9
f 1739//9 1738//9 1740//61
f 1739//9 1740//61 1741//61
f 1741//61 1740//61 1742//62
f 1741//61 1742//62 1743//62
f 1743//62 1742//62 1744//63
f 1743//62 1744//63 1745//63
f 1745//63 1744//63 1746//64
f 1745//63 1746//64 1747//64
f 1747//64 1746//64 1748//65
f 1747//64 1748//65 1749//65
f 1749//65 1748//65 1750//14
f 1749//65 1750//14 1751//14
f 1751//14 1750//14 1752//46
s 0
f 1753//1 1754//1 1755//1
f 1755//1 1754//1 1756//1
f 1755//1 1756//1 1757//1
f 1758//1 1759//1 1760//1
f 1760//1 1759//1 1761//1
f 1760//1 1761//1 1762//1
f 1763//1 1764//1 1765//1
f 1765//1 1764//1 1766//1
f 1765//1 1766//1 1767//1
f 1768//1 1769//1 1770//1
f 1770//1 1769//1 1771//1
f 1770//1 1771//1 1772//1
f 1773//1 1774//1 1775//1
f 1775//1 1774//1 1776//1
f 1775//1 1776//1 1777//1
f 1778//1 1779//1 1780//1
f 1780//1 1779//1 1781//1
f 1780//1 1781//1 1782//1
f 1783//1 1784//1 1785//1
f 1785//1 1784//1 1786//1
f 1785//1 1786//1 1787//1
f 1788//1 1789//1 1790//1
f 1790//1 1789//1 1791//1
f 1790//1 1791//1 1792//1
s 1
f 1793//14 1794//46 1795//46
f 1795//46 1794//46 1796//47
f 1795//46 1796//47 1797//47
f 1797//47 1796//47 1798//48
f 1797//47 1798//48 1799//48
f 1799//48 1798//48 1800//49
f 1799//48 1800//49 1801//49
f 1801//49 1800//49 1802//74
f 1801//49 1802//74 1803//50
f 1803//50 1802//74 1804//75
f 1803//50 1804//75 1805//76
f 1805//76 1804//75 1806//51
f 1805//76 1806//51 1807//77
f 1807//77 1806//51 1808//52
f 1807//77 1808//52 1809//52
f 1809//52 1808//52 1810//53
f 1809//52 1810//53 1811//53
f 1811//53 1810//53 1812//54
f 1811//53 1812//54 1813//54
f 1813//54 1812//54 1814//55
f 1813//54 1814//55 1815//55
f 1815//55 1814//55 1816//15
f 1815//55 1816//15 1817//15
f 1817//15 1816//15 1818//56
f 1817//15 1818//56 1819//56
f 1819//56 1818//56 1820//57
f 1819//56 1820//57 1821//57
f 1821//57 1820//57 1822//58
f 1821//57 1822//58 1823//58
f 1823//58 1822//58 1824//59
f 1823//58 1824//59 1825//59
f 1825//59 1824//59 1826//60
f 1825//59 1826//60 1827//60
f 1827//60 1826//60 1828//9
f 1827//60 1828//9 1829//9
f 1829//9 1828//9 1830//61
f 1829//9 1830//61 1831//61
f 1831//61 1830//61 1832//62
f 1831//61 1832//62 1833//62
f 1833//62 1832//62 1834//63
f 1833//62 1834//63 1835//63
f 1835//63 1834//63 1836//64
f 1835//63 1836//64 1837//64
f 1837//64 1836//64 1838//65
f 1837//64 1838//65 1839//65
f 1839//65 1838//65 1840//14
f 1839//65 1840//14 1841//14
f 1841//14 1840//14 1842//46
s 0
f 1843//1 1844//1 1845//1
f 1845//1 1844//1 1846//1
f 1845//1 1846//1 1847//1
f 1848//1 1849//1 1850//1
f 1850//1 1849//1 1851//1
f 1850//1 1851//1 1852//1
f 1853//1 1854//1 1855//1
f 1855//1 1854//1 1856//1
f 1855//1 1856//1 1857//1
f 1858//1 1859//1 1860//1
f 1860//1 1859//1 1861//1
f 1860//1 1861//1 1862//1
f 1863//1 1864//1 1865//1
f 1865//1 1864//1 1866//1
f 1865//1 1866//1 1867//1
f 1868//1 1869//1 1870//1
f 1870//1 1869//1 1871//1
f 1870//1 1871//1 1872//1
f 1873//1 1874//1 1875//1
f 1875//1 1874//1 1876//1
f 1875//1 1876//1 1877//1
f 1878//1 1879//1 1880//1
f 1880//1 1879//1 1881//1
f 1880//1 1881//1 1882//1
s 1
f 1883//14 1884//46 1885//46
f 1885//46 1884//46 1886//47
f 1885//46 1886//47 1887//47
f 1887//47 1886//47 1888//48
f 1887//47 1888//48 1889//48
f 1889//48 1888//48 1890//49
f 1889//48 1890//49 1891//49
f 1891//49 1890//49 1892//74
f 1891//49 1892//74 1893//50
f 1893//50 1892//74 1894//75
f 1893//50 1894//75 1895//76
f 1895//76 1894//75 1896//51
f 1895//76 1896//51 1897//77
f 1897//77 1896//51 1898//52
f 1897//77 1898//52 1899//52
f 1899//52 1898//52 1900//53
f 1899//52 1900//53 1901//53
f 1901//53 1900//53 1902//54
f 1901//53 1902//54 1903//54
f 1903//54 1902//54 1904//55
f 1903//54 1904//55 1905//55
f 1905//55 1904//55 1906//15
f 1905//55 1906//15 1907//15
f 1907//15 1906//15 1908//56
f 1907//15 1908//56 1909//56
f 1909//56 1908//56 1910//57
f 1909//56 1910//57 1911//57
f 1911//57 1910//57 1912//58
f 1911//57 1912//58 1913//58
f 1913//58 1912//58 1914//59
f 1913//58 1914//59 1915//59
f 1915//59 1914//59 1916//60
f 1915//59 1916//60 1917//60
f 1917//60 1916//60 1918//9
f 1917//60 1918//9 1919//9
f 1919//9 1918//9 1920//61
f 1919//9 1920//61 1921//61
f 1921//61 1920//61 1922//62
f 1921//61 1922//62 1923//62
f 1923//62 1922//62 1924//63
f 1923//62 1924//63 1925//63
f 1925//63 1924//63 1926//64
f 1925//63 1926//64 1927//64
f 1927//64 1926//64 1928//65
f 1927//64 1928//65 1929//65
f 1929//65 1928//65 1930//14
f 1929//65 1930//14 1931//14
f 1931//14 1930//14 1932//46
s 0
f 1933//1 1934//1 1935//1
f 1935//1 1934//1 1936//1
f 1935//1 1936//1 1937//1
f 1938//1 1939//1 1940//1
f 1940//1 1939//1 1941//1
f 1940//1 1941//1 1942//1
f 1943//1 1944//1 1945//1
f 1945//1 1944//1 1946//1
f 1945//1 1946//1 1947//1
f 1948//1 1949//1 1950//1
f 1950//1 1949//1 1951//1
f 1950//1 1951//1 1952//1
f 1953//1 1954//1 1955//1
f 1955//1 1954//1 1956//1
f 1955//1 1956//1 1957//1
f 1958//1 1959//1 1960//1
f 1960//1 1959//1 1961//1
f 1960//1 1961//1 1962//1
f 1963//1 1964//1 1965//1
f 1965//1 1964//1 1966//1
f 1965//1 1966//1 1967//1
f 1968//1 1969//1 1970//1
f 1970//1 1969//1 1971//1
f 1970//1 1971//1 1972//1
f 1973//2 1974//2 1975//2
f 1976//2 1977//2 1978//2
f 1978//2 1977//2 1979//2
f 1978//2 1979//2 1980//2
f 1980//2 1979//2 1981//2
f 1980//2 1981//2 1982//2
f 1982//2 1981//2 1983//2
f 1982//2 1983//2 1984//2
f 1984//2 1983//2 1985//2
f 1984//2 1985//2 1986//2
f 1986//2 1985//2 1987//2
f 1986//2 1987//2 1988//2
f 1988//2 1987//2 1989//2
f 1988//2 1989//2 1990//2
f 1990//2 1989//2 1991//2
f 1990//2 1991//2 1992//2
f 1993//2 1994//2 1995//2
f 1996//2 1997//2 1998//2
f 1999//2 2000//2 2001//2
f 2002//2 2003//2 2004//2
f 2004//2 2003//2 2005//2
f 2004//2 2005//2 2006//2
f 2006//2 2005//2 2007//2
f 2008//2 2009//2 2010//2
f 2010//2 2009//2 2011//2
f 2010//2 2011//2 2012//2
f 2013//2 2014//2 2015//2
f 2015//2 2014//2 2016//2
f 2017//2 2018//2 2019//2
f 2019//2 2018//2 2020//2
f 2019//2 2020//2 2021//2
f 2022//2 2023//2 2024//2
f 2024//2 2023//2 2025//2
f 2024//2 2025//2 2026//2
f 2026//2 2025//2 2027//2
f 2026//2 2027//2 2028//2
f 2029//2 2030//2 2031//2
f 2031//2 2030//2 2032//2
f 2033//2 2034//2 2035//2
f 2035//2 2034//2 2036//2
f 2035//2 2036//2 2037//2
f 2037//2 2036//2 2038//2
f 2037//2 2038//2 2039//2
f 2039//2 2038//2 2040//2
f 2041//2 2042//2 2043//2
f 2043//2 2042//2 2044//2
f 2043//2 2044//2 2045//2
f 2045//2 2044//2 2046//2
f 2045//2 2046//2 2047//2
f 2048//2 2049//2 2050//2
f 2050//2 2049//2 2051//2
f 2050//2 2051//2 2052//2
f 2052//2 2051//2 2053//2
f 2052//2 2053//2 2054//2
f 2054//2 2053//2 2055//2
f 2054//2 2055//2 2056//2
f 2056//2 2055//2 2057//2
f 2056//2 2057//2 2058//2
f 2058//2 2057//2 2059//2
f 2058//2 2059//2 2060//2
f 2060//2 2059//2 2061//2
f 2060//2 2061//2 2062//2
f 2062//2 2061//2 2063//2
f 2062//2 2063//2 2064//2
f 2065//2 2066//2 2067//2
f 2067//2 2066//2 2068//2
f 2067//2 2068//2 2069//2
f 2070//2 2071//2 2072//2
f 2072//2 2071//2 2073//2
f 2072//2 2073//2 2074//2
f 2075//2 2076//2 2077//2
f 2077//2 2076//2 2078//2
f 2077//2 2078//2 2079//2
f 2080//2 2081//2 2082//2
f 2082//2 2081//2 2083//2
f 2082//2 2083//2 2084//2
f 2084//2 2083//2 2085//2
f 2084//2 2085//2 2086//2
f 2087//2 2088//2 2089//2
f 2089//2 2088//2 2090//2
f 2089//2 2090//2 2091//2
f 2092//2 2093//2 2094//2
f 2095//2 2096//2 2097//2
f 2098//2 2099//2 2100//2
f 2101//2 2102//2 2103//2
f 2103//2 2102//2 2104//2
f 2103//2 2104//2 2105//2
f 2106//2 2107//2 2108//2
f 2109//2 2110//2 2111//2
f 2112//2 2113//2 2114//2
f 2114//2 2113//2 2115//2
f 2114//2 2115//2 2116//2
f 2117//2 2118//2 2119//2
f 2119//2 2118//2 2120//2
f 2119//2 2120//2 2121//2
f 2122//2 2123//2 2124//2
f 2124//2 2123//2 2125//2
f 2124//2 2125//2 2126//2
f 2127//2 2128//2 2129//2
f 2129//2 2128//2 2130//2
f 2129//2 2130//2 2131//2
f 2132//2 2133//2 2134//2
f 2134//2 2133//2 2135//2
f 2134//2 2135//2 2136//2
f 2137//2 2138//2 2139//2
f 2139//2 2138//2 2140//2
f 2139//2 2140//2 2141//2
f 2142//2 2143//2 2144//2
f 2144//2 2143//2 2145//2
f 2144//2 2145//2 2146//2
f 2146//2 2145//2 2147//2
f 2146//2 2147//2 2148//2
f 2149//2 2150//2 2151//2
f 2151//2 2150//2 2152//2
f 2151//2 2152//2 2153//2
f 2154//2 2155//2 2156//2
f 2157//2 2158//2 2159//2
f 2160//2 2161//2 2162//2
f 2162//2 2161//2 2163//2
f 2162//2 2163//2 2164//2
f 2164//2 2163//2 2165//2
f 2164//2 2165//2 2166//2
f 2167//2 2168//2 2169//2
f 2169//2 2168//2 2170//2
f 2169//2 2170//2 2171//2
f 2171//2 2170//2 2172//2
f 2171//2 2172//2 2173//2
f 2174//2 2175//2 2176//2
f 2176//2 2175//2 2177//2
f 2176//2 2177//2 2178//2
f 2179//2 2180//2 2181//2
f 2181//2 2180//2 2182//2
f 2181//2 2182//2 2183//2
f 2183//2 2182//2 2184//2
f 2183//2 2184//2 2185//2
f 2186//2 2187//2 2188//2
f 2188//2 2187//2 2189//2
f 2188//2 2189//2 2190//2
f 2191//2 2192//2 2193//2
f 2193//2 2192//2 2194//2
f 2193//2 2194//2 2195//2
f 2195//2 2194//2 2196//2
f 2195//2 2196//2 2197//2
f 2198//2 2199//2 2200//2
f 2200//2 2199//2 2201//2
f 2200//2 2201//2 2202//2
f 2203//2 2204//2 2205//2
f 2206//2 2207//2 2208//2
f 2208//2 2207//2 2209//2
f 2208//2 2209//2 2210//2
f 2210//2 2209//2 2211//2
f 2210//2 2211//2 2212//2
f 2213//2 2214//2 2215//2
f 2215//2 2214//2 2216//2
f 2215//2 2216//2 2217//2
f 2218//2 2219//2 2220//2
f 2220//2 2219//2 2221//2
f 2220//2 2221//2 2222//2
f 2223//2 2224//2 2225//2
f 2225//2 2224//2 2226//2
f 2225//2 2226//2 2227//2
f 2228//2 2229//2 2230//2
f 2230//2 2229//2 2231//2
f 2230//2 2231//2 2232//2
f 2232//2 2231//2 2233//2
f 2232//2 2233//2 2234//2
f 2235//2 2236//2 2237//2
f 2237//2 2236//2 2238//2
f 2237//2 2238//2 2239//2
f 2240//2 2241//2 2242//2
f 2242//2 2241//2 2243//2
f 2242//2 2243//2 2244//2
f 2244//2 2243//2 2245//2
f 2244//2 2245//2 2246//2
f 2247//2 2248//2 2249//2
f 2249//2 2248//2 2250//2
f 2249//2 2250//2 2251//2
f 2251//2 2250//2 2252//2
f 2253//2 2254//2 2255//2
f 2256//2 2257//2 2258//2
f 2259//2 2260//2 2261//2
f 2261//2 2260//2 2262//2
f 2263//2 2264//2 2265//2
f 2265//2 2264//2 2266//2
f 2265//2 2266//2 2267//2
f 2268//2 2269//2 2270//2
f 2270//2 2269//2 2271//2
f 2270//2 2271//2 2272//2
f 2272//2 2271//2 2273//2
f 2272//2 2273//2 2274//2
f 2275//2 2276//2 2277//2
f 2277//2 2276//2 2278//2
f 2277//2 2278//2 2279//2
f 2280//2 2281//2 2282//2
f 2282//2 2281//2 2283//2
f 2282//2 2283//2 2284//2
f 2285//2 2286//2 2287//2
f 2288//2 2289//2 2290//2
f 2291//2 2292//2 2293//2
f 2294//2 2295//2 2296//2
f 2296//2 2295//2 2297//2
f 2296//2 2297//2 2298//2
f 2299//2 2300//2 2301//2
f 2301//2 2300//2 2302//2
f 2301//2 2302//2 2303//2
f 2304//2 2305//2 2306//2
f 2306//2 2305//2 2307//2
f 2306//2 2307//2 2308//2
f 2309//2 2310//2 2311//2
f 2311//2 2310//2 2312//2
f 2311//2 2312//2 2313//2
f 2313//2 2312//2 2314//2
f 2313//2 2314//2 2315//2
f 2316//2 2317//2 2318//2
f 2318//2 2317//2 2319//2
f 2318//2 2319//2 2320//2
f 2320//2 2319//2 2321//2
f 2320//2 2321//2 2322//2
f 2323//2 2324//2 2325//2
f 2326//2 2327//2 2328//2
f 2329//2 2330//2 2331//2
f 2331//2 2330//2 2332//2
f 2331//2 2332//2 2333//2
f 2334//2 2335//2 2336//2
f 2336//2 2335//2 2337//2
f 2336//2 2337//2 2338//2
f 2339//2 2340//2 2341//2
f 2341//2 2340//2 2342//2
f 2341//2 2342//2 2343//2
f 2343//2 2342//2 2344//2
f 2345//2 2346//2 2347//2
f 2347//2 2346//2 2348//2
f 2347//2 2348//2 2349//2
f 2350//2 2351//2 2352//2
f 2352//2 2351//2 2353//2
f 2352//2 2353//2 2354//2
f 2354//2 2353//2 2355//2
f 2354//2 2355//2 2356//2
f 2357//2 2358//2 2359//2
f 2359//2 2358//2 2360//2
f 2359//2 2360//2 2361//2
f 2361//2 2360//2 2362//2
f 2361//2 2362//2 2363//2
f 2364//2 2365//2 2366//2
f 2366//2 2365//2 2367//2
f 2366//2 2367//2 2368//2
f 2368//2 2367//2 2369//2
f 2368//2 2369//2 2370//2
f 2371//2 2372//2 2373//2
f 2374//2 2375//2 2376//2
f 2376//2 2375//2 2377//2
f 2376//2 2377//2 2378//2
f 2379//2 2380//2 2381//2
f 2381//2 2380//2 2382//2
f 2381//2 2382//2 2383//2
f 2384//2 2385//2 2386//2
f 2386//2 2385//2 2387//2
f 2386//2 2387//2 2388//2
f 2388//2 2387//2 2389//2
f 2388//2 2389//2 2390//2
f 2391//2 2392//2 2393//2
f 2394//2 2395//2 2396//2
f 2396//2 2395//2 2397//2
f 2396//2 2397//2 2398//2
f 2399//2 2400//2 2401//2
f 2401//2 2400//2 2402//2
f 2401//2 2402//2 2403//2
f 2403//2 2402//2 2404//2
f 2403//2 2404//2 2405//2
f 2406//2 2407//2 2408//2
f 2408//2 2407//2 2409//2
f 2408//2 2409//2 2410//2
f 2410//2 2409//2 2411//2
f 2410//2 2411//2 2412//2
f 2413//2 2414//2 2415//2
f 2415//2 2414//2 2416//2
f 2417//2 2418//2 2419//2
f 2419//2 2418//2 2420//2
f 2419//2 2420//2 2421//2
f 2421//2 2420//2 2422//2
f 2423//2 2424//2 2425//2
f 2425//2 2424//2 2426//2
f 2425//2 2426//2 2427//2
f 2427//2 2426//2 2428//2
f 2427//2 2428//2 2429//2
f 2430//2 2431//2 2432//2
f 2432//2 2431//2 2433//2
f 2434//2 2435//2 2436//2
f 2436//2 2435//2 2437//2
f 2436//2 2437//2 2438//2
f 2438//2 2437//2 2439//2
f 2438//2 2439//2 2440//2
f 2441//2 2442//2 2443//2
f 2443//2 2442//2 2444//2
f 2443//2 2444//2 2445//2
f 2445//2 2444//2 2446//2
f 2445//2 2446//2 2447//2
f 2448//2 2449//2 2450//2
f 2450//2 2449//2 2451//2
f 2452//2 2453//2 2454//2
f 2454//2 2453//2 2455//2
f 2454//2 2455//2 2456//2
f 2457//2 2458//2 2459//2
f 2459//2 2458//2 2460//2
f 2459//2 2460//2 2461//2
f 2461//2 2460//2 2462//2
f 2461//2 2462//2 2463//2
f 2464//2 2465//2 2466//2
f 2466//2 2465//2 2467//2
f 2468//2 2469//2 2470//2
f 2470//2 2469//2 2471//2
f 2470//2 2471//2 2472//2
f 2473//2 2474//2 2475//2
f 2476//2 2477//2 2478//2
f 2478//2 2477//2 2479//2
f 2480//2 2481//2 2482//2
f 2483//2 2484//2 2485//2
f 2485//2 2484//2 2486//2
f 2485//2 2486//2 2487//2
f 2488//2 2489//2 2490//2
f 2491//2 2492//2 2493//2
f 2493//2 2492//2 2494//2
f 2493//2 2494//2 2495//2
f 2496//2 2497//2 2498//2
f 2498//2 2497//2 2499//2
f 2498//2 2499//2 2500//2
f 2500//2 2499//2 2501//2
f 2500//2 2501//2 2502//2
f 2503//2 2504//2 2505//2
f 2505//2 2504//2 2506//2
f 2505//2 2506//2 2507//2
f 2507//2 2506//2 2508//2
f 2507//2 2508//2 2509//2
f 2510//2 2511//2 2512//2
f 2512//2 2511//2 2513//2
f 2512//2 2513//2 2514//2
f 2514//2 2513//2 2515//2
f 2514//2 2515//2 2516//2
f 2517//2 2518//2 2519//2
f 2520//2 2521//2 2522//2
f 2522//2 2521//2 2523//2
f 2524//2 2525//2 2526//2
f 2527//2 2528//2 2529//2
f 2530//2 2531//2 2532//2
f 2532//2 2531//2 2533//2
f 2532//2 2533//2 2534//2
f 2534//2 2533//2 2535//2
f 2534//2 2535//2 2536//2
f 2536//2 2535//2 2537//2
f 2536//2 2537//2 2538//2
f 2538//2 2537//2 2539//2
f 2538//2 2539//2 2540//2
f 2541//2 2542//2 2543//2
f 2544//2 2545//2 2546//2
f 2547//2 2548//2 2549//2
f 2549//2 2548//2 2550//2
f 2549//2 2550//2 2551//2
f 2552//2 2553//2 2554//2
f 2554//2 2553//2 2555//2
f 2554//2 2555//2 2556//2
f 2557//2 2558//2 2559//2
f 2559//2 2558//2 2560//2
f 2559//2 2560//2 2561//2
f 2562//2 2563//2 2564//2
f 2564//2 2563//2 2565//2
f 2564//2 2565//2 2566//2
f 2566//2 2565//2 2567//2
f 2566//2 2567//2 2568//2
f 2569//2 2570//2 2571//2
f 2571//2 2570//2 2572//2
f 2571//2 2572//2 2573//2
f 2574//2 2575//2 2576//2
f 2576//2 2575//2 2577//2
f 2576//2 2577//2 2578//2
f 2578//2 2577//2 2579//2
f 2578//2 2579//2 2580//2
f 2581//2 2582//2 2583//2
f 2583//2 2582//2 2584//2
f 2583//2 2584//2 2585//2
f 2586//2 2587//2 2588//2
f 2588//2 2587//2 2589//2
f 2588//2 2589//2 2590//2
f 2590//2 2589//2 2591//2
f 2590//2 2591//2 2592//2
f 2593//2 2594//2 2595//2
f 2595//2 2594//2 2596//2
f 2595//2 2596//2 2597//2
f 2597//2 2596//2 2598//2
f 2597//2 2598//2 2599//2
f 2599//2 2598//2 2600//2
f 2601//2 2602//2 2603//2
f 2603//2 2602//2 2604//2
f 2603//2 2604//2 2605//2
f 2606//2 2607//2 2608//2
f 2608//2 2607//2 2609//2
f 2608//2 2609//2 2610//2
f 2610//2 2609//2 2611//2
f 2612//2 2613//2 2614//2
f 2614//2 2613//2 2615//2
f 2614//2 2615//2 2616//2
f 2616//2 2615//2 2617//2
f 2616//2 2617//2 2618//2
f 2619//2 2620//2 2621//2
f 2621//2 2620//2 2622//2
f 2621//2 2622//2 2623//2
f 2623//2 2622//2 2624//2
f 2623//2 2624//2 2625//2
f 2626//2 2627//2 2628//2
f 2628//2 2627//2 2629//2
f 2628//2 2629//2 2630//2
f 2630//2 2629//2 2631//2
f 2630//2 2631//2 2632//2
f 2632//2 2631//2 2633//2
f 2632//2 2633//2 2634//2
f 2634//2 2633//2 2635//2
f 2634//2 2635//2 2636//2
f 2636//2 2635//2 2637//2
f 2636//2 2637//2 2638//2
f 2638//2 2637//2 2639//2
f 2638//2 2639//2 2640//2
f 2641//2 2642//2 2643//2
f 2643//2 2642//2 2644//2
f 2643//2 2644//2 2645//2
f 2645//2 2644//2 2646//2
f 2645//2 2646//2 2647//2
f 2648//78 2649//78 2650//78
f 2650//78 2649//78 2651//78
f 2652//79 2653//79 2654//79
f 2654//79 2653//79 2655//79
f 2656//12 2657//12 2658//12
f 2658//12 2657//12 2659//12
f 2660//80 2661//80 2662//80
f 2662//80 2661//80 2663//80
f 2664//81 2665//81 2666//81
f 2666//81 2665//81 2667//81
f 2668//9 2669//9 2670//9
f 2670//9 2669//9 2671//9
s 1
f 2672//82 2673//82 2674//82
s 0
f 2674//82 2673//82 2675//82
f 2674//82 2675//82 2676//82
f 2677//9 2678//9 2679//9
f 2679//9 2678//9 2680//9
f 2681//15 2682//15 2683//15
f 2683//15 2682//15 2684//15
f 2685//12 2686//12 2687//12
f 2687//12 2686//12 2688//12
f 2689//15 2690//15 2691//15
f 2691//15 2690//15 2692//15
f 2693//12 2694//12 2695//12
f 2695//12 2694//12 2696//12
f 2697//14 2698//14 2699//14
f 2699//14 2698//14 2700//14
f 2701//12 2702//12 2703//12
f 2703//12 2702//12 2704//12
f 2705//15 2706//15 2707//15
f 2707//15 2706//15 2708//15
f 2709//12 2710//12 2711//12
f 2711//12 2710//12 2712//12
f 2711//12 2712//12 2713//12
f 2714//14 2715//14 2716//14
f 2716//14 2715//14 2717//14
f 2718//12 2719//12 2720//12
f 2720//12 2719//12 2721//12
f 2720//12 2721//12 2722//12
f 2723//12 2724//12 2725//12
f 2725//12 2724//12 2726//12
f 2725//12 2726//12 2727//12
f 2728//12 2729//12 2730//12
f 2730//12 2729//12 2731//12
f 2730//12 2731//12 2732//12
f 2733//15 2734//15 2735//15
f 2735//15 2734//15 2736//15
f 2737//12 2738//12 2739//12
f 2739//12 2738//12 2740//12
f 2741//14 2742//14 2743//14
f 2743//14 2742//14 2744//14
f 2745//12 2746//12 2747//12
f 2747//12 2746//12 2748//12
f 2749//15 2750//15 2751//15
f 2751//15 2750//15 2752//15
f 2753//12 2754//12 2755//12
f 2755//12 2754//12 2756//12
f 2757//14 2758//14 2759//14
f 2759//14 2758//14 2760//14
f 2761//9 2762//9 2763//9
f 2763//9 2762//9 2764//9
f 2765//14 2766//14 2767//14
f 2767//14 2766//14 2768//14
f 2769//12 2770//12 2771//12
f 2771//12 2770//12 2772//12
f 2773//14 2774//14 2775//14
f 2775//14 2774//14 2776//14
f 2775//14 2776//14 2777//14
f 2778//12 2779//12 2780//12
f 2780//12 2779//12 2781//12
f 2782//14 2783//14 2784//14
f 2784//14 2783//14 2785//14
f 2786//9 2787//9 2788//9
f 2788//9 2787//9 2789//9
f 2790//83 2791//83 2792//83
f 2792//83 2791//83 2793//83
f 2794//18 2795//18 2796//18
f 2796//18 2795//18 2797//18
f 2798//83 2799//83 2800//83
f 2800//83 2799//83 2801//83
f 2802//17 2803//17 2804//17
f 2804//17 2803//17 2805//17
f 2806//21 2807//21 2808//21
f 2808//21 2807//21 2809//21
f 2810//24 2811//24 2812//24
f 2812//24 2811//24 2813//24
f 2814//19 2815//19 2816//19
f 2816//19 2815//19 2817//19
f 2818//24 2819//24 2820//24
f 2820//24 2819//24 2821//24
f 2820//24 2821//24 2822//24
f 2823//9 2824//9 2825//9
f 2825//9 2824//9 2826//9
f 2827//84 2828//84 2829//84
f 2829//84 2828//84 2830//84
f 2831//15 2832//15 2833//15
f 2833//15 2832//15 2834//15
f 2833//15 2834//15 2835//15
f 2836//19 2837//19 2838//19
f 2838//19 2837//19 2839//19
f 2840//85 2841//85 2842//85
f 2842//85 2841//85 2843//85
f 2844//19 2845//19 2846//19
f 2846//19 2845//19 2847//19
f 2848//20 2849//20 2850//20
f 2850//20 2849//20 2851//20
s 1
f 2852//86 2853//86 2854//87
f 2854//87 2853//86 2855//88
f 2854//87 2855//88 2856//89
f 2856//89 2855//88 2857//88
f 2858//88 2859//88 2860//90
f 2860//90 2859//88 2861//91
f 2860//90 2861//91 2862//91
f 2863//91 2864//91 2865//92
f 2865//92 2864//91 2866//93
f 2865//92 2866//93 2867//93
f 2868//93 2869//93 2870//94
f 2870//94 2869//93 2871//95
f 2870//94 2871//95 2872//95
f 2873//95 2874//95 2875//96
f 2875//96 2874//95 2876//97
f 2875//96 2876//97 2877//98
f 2877//98 2876//97 2878//99
f 2877//98 2878//99 2879//99
f 2879//99 2878//99 2880//100
f 2879//99 2880//100 2881//101
s 0
f 2882//102 2883//102 2884//102
f 2884//102 2883//102 2885//102
f 2886//14 2887//14 2888//14
f 2888//14 2887//14 2889//14
f 2888//14 2889//14 2890//14
f 2891//9 2892//9 2893//9
f 2894//9 2895//9 2896//9
f 2897//9 2898//9 2899//9
f 2900//9 2901//9 2902//9
f 2902//9 2901//9 2903//9
f 2902//9 2903//9 2904//9
f 2904//9 2903//9 2905//9
f 2904//9 2905//9 2906//9
f 2907//103 2908//103 2909//103
f 2909//103 2908//103 2910//103
f 2909//103 2910//103 2911//103
f 2912//9 2913//9 2914//9
f 2914//9 2913//9 2915//9
f 2914//9 2915//9 2916//9
f 2916//9 2915//9 2917//9
f 2918//15 2919//15 2920//15
f 2920//15 2919//15 2921//15
f 2922//12 2923//12 2924//12
f 2925//12 2926//12 2927//12
f 2927//12 2926//12 2928//12
f 2927//12 2928//12 2929//12
f 2930//104 2931//104 2932//104
f 2933//104 2934//104 2935//104
f 2935//104 2934//104 2936//104
f 2935//104 2936//104 2937//104
f 2938//1 2939//1 2940//1
f 2941//1 2942//1 2943//1
f 2944//1 2945//1 2946//1
f 2946//1 2945//1 2947//1
f 2946//1 2947//1 2948//1
f 2948//1 2947//1 2949//1
f 2948//1 2949//1 2950//1
f 2950//1 2949//1 2951//1
f 2950//1 2951//1 2952//1
f 2953//1 2954//1 2955//1
f 2955//1 2954//1 2956//1
f 2955//1 2956//1 2957//1
f 2958//1 2959//1 2960//1
f 2960//1 2959//1 2961//1
f 2960//1 2961//1 2962//1
f 2963//1 2964//1 2965//1
f 2965//1 2964//1 2966//1
f 2965//1 2966//1 2967//1
f 2968//1 2969//1 2970//1
f 2970//1 2969//1 2971//1
f 2970//1 2971//1 2972//1
s 1
f 2973//65 2974//65 2975//14
f 2975//14 2974//65 2976//14
f 2975//14 2976//14 2977//46
f 2978//14 2979//46 2980//45
f 2980//45 2979//46 2981//105
f 2980//45 2981//105 2982//47
f 2982//47 2981//105 2983//47
f 2982//47 2983//47 2984//48
f 2984//48 2983//47 2985//48
f 2984//48 2985//48 2986//49
f 2986//49 2985//48 2987//49
f 2986//49 2987//49 2988//50
f 2988//50 2987//49 2989//50
f 2988//50 2989//50 2990//12
f 2990//12 2989//50 2991//12
f 2990//12 2991//12 2992//51
f 2992//51 2991//12 2993//51
f 2992//51 2993//51 2994//52
f 2994//52 2993//51 2995//52
f 2994//52 2995//52 2996//53
f 2996//53 2995//52 2997//53
f 2996//53 2997//53 2998//54
f 2998//54 2997//53 2999//54
f 2998//54 2999//54 3000//55
f 3000//55 2999//54 3001//55
f 3000//55 3001//55 3002//15
f 3002//15 3001//55 3003//15
f 3002//15 3003//15 3004//56
f 3004//56 3003//15 3005//56
f 3004//56 3005//56 3006//57
f 3006//57 3005//56 3007//57
f 3006//57 3007//57 3008//58
f 3008//58 3007//57 3009//58
f 3008//58 3009//58 3010//59
f 3010//59 3009//58 3011//59
f 3010//59 3011//59 3012//60
f 3012//60 3011//59 3013//60
f 3012//60 3013//60 3014//9
f 3014//9 3013//60 3015//9
f 3014//9 3015//9 3016//61
f 3016//61 3015//9 3017//61
f 3016//61 3017//61 3018//62
f 3018//62 3017//61 3019//62
f 3018//62 3019//62 3020//63
f 3020//63 3019//62 3021//63
f 3020//63 3021//63 3022//64
f 3022//64 3021//63 3023//64
f 3022//64 3023//64 3024//65
f 3024//65 3023//64 3025//106
f 3024//65 3025//106 3026//65
s 0
f 3027//2 3028//2 3029//2
f 3029//2 3028//2 3030//2
f 3029//2 3030//2 3031//2
f 3032//2 3033//2 3034//2
f 3034//2 3033//2 3035//2
f 3034//2 3035//2 3036//2
f 3037//2 3038//2 3039//2
f 3039//2 3038//2 3040//2
f 3039//2 3040//2 3041//2
f 3042//2 3043//2 3044//2
f 3044//2 3043//2 3045//2
f 3044//2 3045//2 3046//2
f 3047//2 3048//2 3049//2
f 3049//2 3048//2 3050//2
f 3049//2 3050//2 3051//2
f 3052//2 3053//2 3054//2
f 3054//2 3053//2 3055//2
f 3054//2 3055//2 3056//2
f 3057//2 3058//2 3059//2
f 3059//2 3058//2 3060//2
f 3059//2 3060//2 3061//2
f 3062//2 3063//2 3064//2
f 3064//2 3063//2 3065//2
f 3064//2 3065//2 3066//2
s 1
f 3067//15 3068//15 3069//56
f 3069//56 3068//15 3070//56
f 3069//56 3070//56 3071//57
f 3071//57 3070//56 3072//57
f 3071//57 3072//57 3073//58
f 3073//58 3072//57 3074//58
f 3073//58 3074//58 3075//59
f 3075//59 3074//58 3076//59
f 3075//59 3076//59 3077//60
f 3077//60 3076//59 3078//60
f 3077//60 3078//60 3079//9
f 3079//9 3078//60 3080//9
f 3079//9 3080//9 3081//61
f 3081//61 3080//9 3082//61
f 3081//61 3082//61 3083//62
f 3083//62 3082//61 3084//62
f 3083//62 3084//62 3085//63
f 3085//63 3084//62 3086//63
f 3085//63 3086//63 3087//64
f 3087//64 3086//63 3088//64
f 3087//64 3088//64 3089//65
f 3089//65 3088//64 3090//65
f 3089//65 3090//65 3091//14
f 3091//14 3090//65 3092//14
f 3091//14 3092//14 3093//46
f 3093//46 3092//14 3094//46
f 3093//46 3094//46 3095//47
f 3095//47 3094//46 3096//47
f 3095//47 3096//47 3097//48
f 3097//48 3096//47 3098//48
f 3097//48 3098//48 3099//49
f 3099//49 3098//48 3100//49
f 3099//49 3100//49 3101//50
f 3101//50 3100//49 3102//50
f 3101//50 3102//50 3103//12
f 3103//12 3102//50 3104//12
f 3103//12 3104//12 3105//51
f 3105//51 3104//12 3106//51
f 3105//51 3106//51 3107//52
f 3107//52 3106//51 3108//52
f 3107//52 3108//52 3109//53
f 3109//53 3108//52 3110//53
f 3109//53 3110//53 3111//54
f 3111//54 3110//53 3112//54
f 3111//54 3112//54 3113//55
f 3113//55 3112//54 3114//55
f 3113//55 3114//55 3115//15
f 3115//15 3114//55 3116//15
s 0
f 3117//2 3118//2 3119//2
f 3119//2 3118//2 3120//2
f 3119//2 3120//2 3121//2
f 3122//2 3123//2 3124//2
f 3124//2 3123//2 3125//2
f 3124//2 3125//2 3126//2
f 3127//2 3128//2 3129//2
f 3129//2 3128//2 3130//2
f 3129//2 3130//2 3131//2
f 3132//2 3133//2 3134//2
f 3134//2 3133//2 3135//2
f 3134//2 3135//2 3136//2
f 3137//2 3138//2 3139//2
f 3139//2 3138//2 3140//2
f 3139//2 3140//2 3141//2
f 3142//2 3143//2 3144//2
f 3144//2 3143//2 3145//2
f 3144//2 3145//2 3146//2
f 3147//2 3148//2 3149//2
f 3149//2 3148//2 3150//2
f 3149//2 3150//2 3151//2
f 3152//2 3153//2 3154//2
f 3154//2 3153//2 3155//2
f 3154//2 3155//2 3156//2
s 1
f 3157//15 3158//15 3159//56
f 3159//56 3158//15 3160//56
f 3159//56 3160//56 3161//57
f 3161//57 3160//56 3162//57
f 3161//57 3162//57 3163//58
f 3163//58 3162//57 3164//58
f 3163//58 3164//58 3165//59
f 3165//59 3164//58 3166//59
f 3165//59 3166//59 3167//60
f 3167//60 3166//59 3168//60
f 3167//60 3168//60 3169//9
f 3169//9 3168//60 3170//9
f 3169//9 3170//9 3171//61
f 3171//61 3170//9 3172//61
f 3171//61 3172//61 3173//62
f 3173//62 3172//61 3174//62
f 3173//62 3174//62 3175//63
f 3175//63 3174//62 3176//63
f 3175//63 3176//63 3177//64
f 3177//64 3176//63 3178//64
f 3177//64 3178//64 3179//65
f 3179//65 3178//64 3180//65
f 3179//65 3180//65 3181//14
f 3181//14 3180//65 3182//14
f 3181//14 3182//14 3183//46
f 3183//46 3182//14 3184//46
f 3183//46 3184//46 3185//47
f 3185//47 3184//46 3186//47
f 3185//47 3186//47 3187//48
f 3187//48 3186//47 3188//48
f 3187//48 3188//48 3189//49
f 3189//49 3188//48 3190//49
f 3189//49 3190//49 3191//50
f 3191//50 3190//49 3192//50
f 3191//50 3192//50 3193//12
f 3193//12 3192//50 3194//12
f 3193//12 3194//12 3195//51
f 3195//51 3194//12 3196//51
f 3195//51 3196//51 3197//52
f 3197//52 3196//51 3198//52
f 3197//52 3198//52 3199//53
f 3199//53 3198//52 3200//53
f 3199//53 3200//53 3201//54
f 3201//54 3200//53 3202//54
f 3201//54 3202//54 3203//55
f 3203//55 3202//54 3204//55
f 3203//55 3204//55 3205//15
f 3205//15 3204//55 3206//15
s 0
f 3207//2 3208//2 3209//2
f 3209//2 3208//2 3210//2
f 3209//2 3210//2 3211//2
f 3212//2 3213//2 3214//2
f 3214//2 3213//2 3215//2
f 3214//2 3215//2 3216//2
f 3217//2 3218//2 3219//2
f 3219//2 3218//2 3220//2
f 3219//2 3220//2 3221//2
f 3222//2 3223//2 3224//2
f 3224//2 3223//2 3225//2
f 3224//2 3225//2 3226//2
f 3227//2 3228//2 3229//2
f 3229//2 3228//2 3230//2
f 3229//2 3230//2 3231//2
f 3232//2 3233//2 3234//2
f 3234//2 3233//2 3235//2
f 3234//2 3235//2 3236//2
f 3237//2 3238//2 3239//2
f 3239//2 3238//2 3240//2
f 3239//2 3240//2 3241//2
f 3242//2 3243//2 3244//2
f 3244//2 3243//2 3245//2
f 3244//2 3245//2 3246//2
s 1
f 3247//62 3248//107 3249//63
f 3249//63 3248//107 3250//63
f 3249//63 3250//63 3251//64
f 3251//64 3250//63 3252//64
f 3251//64 3252//64 3253//65
f 3253//65 3252//64 3254//65
f 3253//65 3254//65 3255//14
f 3255//14 3254//65 3256//14
f 3255//14 3256//14 3257//46
f 3257//46 3256//14 3258//46
f 3257//46 3258//46 3259//47
f 3259//47 3258//46 3260//47
f 3259//47 3260//47 3261//48
f 3261//48 3260//47 3262//48
f 3261//48 3262//48 3263//49
f 3264//48 3265//108 3266//49
f 3266//49 3265//108 3267//49
f 3266//49 3267//49 3268//50
f 3268//50 3267//49 3269//50
f 3268//50 3269//50 3270//12
f 3270//12 3269//50 3271//12
f 3270//12 3271//12 3272//51
f 3272//51 3271//12 3273//51
f 3272//51 3273//51 3274//52
f 3274//52 3273//51 3275//52
f 3274//52 3275//52 3276//53
f 3276//53 3275//52 3277//53
f 3276//53 3277//53 3278//54
f 3278//54 3277//53 3279//54
f 3278//54 3279//54 3280//55
f 3280//55 3279//54 3281//55
f 3280//55 3281//55 3282//15
f 3282//15 3281//55 3283//15
f 3282//15 3283//15 3284//56
f 3284//56 3283//15 3285//56
f 3284//56 3285//56 3286//57
f 3286//57 3285//56 3287//57
f 3286//57 3287//57 3288//58
f 3288//58 3287//57 3289//58
f 3288//58 3289//58 3290//59
f 3290//59 3289//58 3291//59
f 3290//59 3291//59 3292//60
f 3292//60 3291//59 3293//60
f 3292//60 3293//60 3294//9
f 3294//9 3293//60 3295//9
f 3294//9 3295//9 3296//61
f 3296//61 3295//9 3297//61
f 3296//61 3297//61 3298//109
f 3298//109 3297//61 3299//62
f 3298//109 3299//62 3300//107
s 0
f 3301//2 3302//2 3303//2
f 3303//2 3302//2 3304//2
f 3303//2 3304//2 3305//2
f 3306//2 3307//2 3308//2
f 3308//2 3307//2 3309//2
f 3308//2 3309//2 3310//2
f 3311//2 3312//2 3313//2
f 3313//2 3312//2 3314//2
f 3313//2 3314//2 3315//2
f 3316//2 3317//2 3318//2
f 3318//2 3317//2 3319//2
f 3318//2 3319//2 3320//2
f 3321//2 3322//2 3323//2
f 3323//2 3322//2 3324//2
f 3323//2 3324//2 3325//2
f 3326//2 3327//2 3328//2
f 3328//2 3327//2 3329//2
f 3328//2 3329//2 3330//2
f 3331//2 3332//2 3333//2
f 3333//2 3332//2 3334//2
f 3333//2 3334//2 3335//2
f 3336//2 3337//2 3338//2
f 3338//2 3337//2 3339//2
f 3338//2 3339//2 3340//2
s 1
f 3341//15 3342//15 3343//56
f 3343//56 3342//15 3344//56
f 3343//56 3344//56 3345//57
f 3345//57 3344//56 3346//57
f 3345//57 3346//57 3347//58
f 3347//58 3346//57 3348//58
f 3347//58 3348//58 3349//59
f 3349//59 3348//58 3350//59
f 3349//59 3350//59 3351//60
f 3351//60 3350//59 3352//60
f 3351//60 3352//60 3353//9
f 3353//9 3352//60 3354//9
f 3353//9 3354//9 3355//61
f 3355//61 3354//9 3356//61
f 3355//61 3356//61 3357//62
f 3357//62 3356//61 3358//62
f 3357//62 3358//62 3359//63
f 3359//63 3358//62 3360//63
f 3359//63 3360//63 3361//64
f 3361//64 3360//63 3362//64
f 3361//64 3362//64 3363//65
f 3363//65 3362//64 3364//65
f 3363//65 3364//65 3365//14
f 3365//14 3364//65 3366//14
f 3365//14 3366//14 3367//46
f 3367//46 3366//14 3368//46
f 3367//46 3368//46 3369//47
f 3369//47 3368//46 3370//47
f 3369//47 3370//47 3371//48
f 3371//48 3370//47 3372//48
f 3371//48 3372//48 3373//49
f 3373//49 3372//48 3374//49
f 3373//49 3374//49 3375//50
f 3375//50 3374//49 3376//50
f 3375//50 3376//50 3377//12
f 3377//12 3376//50 3378//12
f 3377//12 3378//12 3379//51
f 3379//51 3378//12 3380//51
f 3379//51 3380//51 3381//52
f 3381//52 3380//51 3382//52
f 3381//52 3382//52 3383//53
f 3383//53 3382//52 3384//53
f 3383//53 3384//53 3385//54
f 3385//54 3384//53 3386//54
f 3385//54 3386//54 3387//55
f 3387//55 3386//54 3388//55
f 3387//55 3388//55 3389//15
f 3389//15 3388//55 3390//15
s 0
f 3391//2 3392//2 3393//2
f 3393//2 3392//2 3394//2
f 3393//2 3394//2 3395//2
f 3396//2 3397//2 3398//2
f 3398//2 3397//2 3399//2
f 3398//2 3399//2 3400//2
f 3401//2 3402//2 3403//2
f 3403//2 3402//2 3404//2
f 3403//2 3404//2 3405//2
f 3406//2 3407//2 3408//2
f 3408//2 3407//2 3409//2
f 3408//2 3409//2 3410//2
f 3411//2 3412//2 3413//2
f 3413//2 3412//2 3414//2
f 3413//2 3414//2 3415//2
f 3416//2 3417//2 3418//2
f 3418//2 3417//2 3419//2
f 3418//2 3419//2 3420//2
f 3421//2 3422//2 3423//2
f 3423//2 3422//2 3424//2
f 3423//2 3424//2 3425//2
f 3426//2 3427//2 3428//2
f 3428//2 3427//2 3429//2
f 3428//2 3429//2 3430//2
s 1
f 3431//15 3432//15 3433//56
f 3433//56 3432//15 3434//56
f 3433//56 3434//56 3435//57
f 3435//57 3434//56 3436//57
f 3435//57 3436//57 3437//58
f 3437//58 3436//57 3438//58
f 3437//58 3438//58 3439//59
f 3439//59 3438//58 3440//59
f 3439//59 3440//59 3441//60
f 3441//60 3440//59 3442//60
f 3441//60 3442//60 3443//9
f 3443//9 3442//60 3444//9
f 3443//9 3444//9 3445//61
f 3445//61 3444//9 3446//61
f 3445//61 3446//61 3447//62
f 3447//62 3446//61 3448//62
f 3447//62 3448//62 3449//63
f 3449//63 3448//62 3450//63
f 3449//63 3450//63 3451//64
f 3451//64 3450//63 3452//64
f 3451//64 3452//64 3453//65
f 3453//65 3452//64 3454//65
f 3453//65 3454//65 3455//14
f 3455//14 3454//65 3456//14
f 3455//14 3456//14 3457//46
f 3457//46 3456//14 3458//46
f 3457//46 3458//46 3459//47
f 3459//47 3458//46 3460//47
f 3459//47 3460//47 3461//48
f 3461//48 3460//47 3462//48
f 3461//48 3462//48 3463//49
f 3463//49 3462//48 3464//49
f 3463//49 3464//49 3465//50
f 3465//50 3464//49 3466//50
f 3465//50 3466//50 3467//12
f 3467//12 3466//50 3468//12
f 3467//12 3468//12 3469//51
f 3469//51 3468//12 3470//51
f 3469//51 3470//51 3471//52
f 3471//52 3470//51 3472//52
f 3471//52 3472//52 3473//53
f 3473//53 3472//52 3474//53
f 3473//53 3474//53 3475//54
f 3475//54 3474//53 3476//54
f 3475//54 3476//54 3477//55
f 3477//55 3476//54 3478//55
f 3477//55 3478//55 3479//15
f 3479//15 3478//55 3480//15
s 0
f 3481//2 3482//2 3483//2
f 3483//2 3482//2 3484//2
f 3483//2 3484//2 3485//2
f 3486//2 3487//2 3488//2
f 3488//2 3487//2 3489//2
f 3488//2 3489//2 3490//2
f 3491//2 3492//2 3493//2
f 3493//2 3492//2 3494//2
f 3493//2 3494//2 3495//2
f 3496//2 3497//2 3498//2
f 3498//2 3497//2 3499//2
f 3498//2 3499//2 3500//2
f 3501//2 3502//2 3503//2
f 3503//2 3502//2 3504//2
f 3503//2 3504//2 3505//2
f 3506//2 3507//2 3508//2
f 3508//2 3507//2 3509//2
f 3508//2 3509//2 3510//2
f 3511//2 3512//2 3513//2
f 3513//2 3512//2 3514//2
f 3513//2 3514//2 3515//2
f 3516//2 3517//2 3518//2
f 3518//2 3517//2 3519//2
f 3518//2 3519//2 3520//2
s 1
f 3521//15 3522//15 3523//56
f 3523//56 3522//15 3524//56
f 3523//56 3524//56 3525//57
f 3525//57 3524//56 3526//57
f 3525//57 3526//57 3527//58
f 3527//58 3526//57 3528//58
f 3527//58 3528//58 3529//59
f 3529//59 3528//58 3530//59
f 3529//59 3530//59 3531//60
f 3531//60 3530//59 3532//60
f 3531//60 3532//60 3533//9
f 3533//9 3532//60 3534//9
f 3533//9 3534//9 3535//61
f 3535//61 3534//9 3536//61
f 3535//61 3536//61 3537//62
f 3537//62 3536//61 3538//62
f 3537//62 3538//62 3539//63
f 3539//63 3538//62 3540//63
f 3539//63 3540//63 3541//64
f 3541//64 3540//63 3542//64
f 3541//64 3542//64 3543//65
f 3543//65 3542//64 3544//65
f 3543//65 3544//65 3545//14
f 3545//14 3544//65 3546//14
f 3545//14 3546//14 3547//46
f 3547//46 3546//14 3548//46
f 3547//46 3548//46 3549//47
f 3549//47 3548//46 3550//47
f 3549//47 3550//47 3551//48
f 3551//48 3550//47 3552//48
f 3551//48 3552//48 3553//49
f 3553//49 3552//48 3554//49
f 3553//49 3554//49 3555//50
f 3555//50 3554//49 3556//50
f 3555//50 3556//50 3557//12
f 3557//12 3556//50 3558//12
f 3557//12 3558//12 3559//51
f 3559//51 3558//12 3560//51
f 3559//51 3560//51 3561//52
f 3561//52 3560//51 3562//52
f 3561//52 3562//52 3563//53
f 3563//53 3562//52 3564//53
f 3563//53 3564//53 3565//54
f 3565//54 3564//53 3566//54
f 3565//54 3566//54 3567//55
f 3567//55 3566//54 3568//55
f 3567//55 3568//55 3569//15
f 3569//15 3568//55 3570//15
s 0
f 3571//2 3572//2 3573//2
f 3573//2 3572//2 3574//2
f 3573//2 3574//2 3575//2
f 3576//2 3577//2 3578//2
f 3578//2 3577//2 3579//2
f 3578//2 3579//2 3580//2
f 3581//2 3582//2 3583//2
f 3583//2 3582//2 3584//2
f 3583//2 3584//2 3585//2
f 3586//2 3587//2 3588//2
f 3588//2 3587//2 3589//2
f 3588//2 3589//2 3590//2
f 3591//2 3592//2 3593//2
f 3593//2 3592//2 3594//2
f 3593//2 3594//2 3595//2
f 3596//2 3597//2 3598//2
f 3598//2 3597//2 3599//2
f 3598//2 3599//2 3600//2
f 3601//2 3602//2 3603//2
f 3603//2 3602//2 3604//2
f 3603//2 3604//2 3605//2
f 3606//2 3607//2 3608//2
f 3608//2 3607//2 3609//2
f 3608//2 3609//2 3610//2
f 3611//110 3612//110 3613//110
f 3613//111 3612//111 3614//111
f 3613//111 3614//111 3615//111
f 3615//111 3614//111 3616//111
f 3617//9 3618//9 3619//9
f 3619//9 3618//9 3620//9
f 3621//15 3622//15 3623//15
f 3623//15 3622//15 3624//15
f 3625//12 3626//12 3627//12
f 3627//12 3626//12 3628//12
f 3629//112 3630//112 3631//112
f 3631//112 3630//112 3632//112
f 3633//12 3634//12 3635//12
f 3636//12 3637//12 3638//12
f 3639//12 3640//12 3641//12
f 3641//12 3640//12 3642//12
f 3641//12 3642//12 3643//12
f 3643//12 3642//12 3644//12
f 3643//12 3644//12 3645//12
f 3646//113 3647//113 3648//113
f 3649//113 3650//113 3651//113
f 3651//113 3650//113 3652//113
f 3651//113 3652//113 3653//113
s 1
f 3654//114 3655//114 3656//115
f 3657//116 3658//117 3659//61
f 3659//61 3658//117 3660//61
f 3659//61 3660//61 3661//114
f 3662//116 3663//117 3664//118
f 3664//118 3663//117 3665//119
f 3664//118 3665//119 3666//119
f 3666//119 3665//119 3667//120
f 3666//119 3667//120 3668//120
f 3668//120 3667//120 3669//121
f 3668//120 3669//121 3670//121
f 3670//121 3669//121 3671//122
f 3670//121 3671//122 3672//122
f 3672//122 3671//122 3673//123
f 3672//122 3673//123 3674//123
f 3674//123 3673//123 3675//124
f 3674//123 3675//124 3676//125
f 3676//125 3675//124 3677//126
f 3676//125 3677//126 3678//126
f 3678//126 3677//126 3679//127
f 3678//126 3679//127 3680//127
s 0
f 3681//9 3682//9 3683//9
f 3684//9 3685//9 3686//9
f 3686//9 3685//9 3687//9
f 3686//9 3687//9 3688//9
f 3688//9 3687//9 3689//9
f 3690//9 3691//9 3692//9
f 3692//9 3691//9 3693//9
f 3692//9 3693//9 3694//9
f 3695//15 3696//15 3697//15
f 3697//15 3696//15 3698//15
f 3699//12 3700//12 3701//12
f 3702//12 3703//12 3704//12
f 3704//12 3703//12 3705//12
f 3704//12 3705//12 3706//12
f 3706//12 3705//12 3707//12
s 1
f 3708//128 3709//129 3710//130
s 0
f 3710//131 3709//131 3711//131
s 1
f 3710//132 3711//130 3712//132
f 3713//133 3714//134 3715//135
f 3716//130 3717//128 3718//128
f 3718//128 3717//128 3719//136
f 3718//128 3719//136 3720//136
f 3720//136 3719//136 3721//137
f 3720//136 3721//137 3722//137
f 3722//137 3721//137 3723//138
f 3722//137 3723//138 3724//139
f 3724//139 3723//138 3725//140
f 3724//139 3725//140 3726//140
f 3726//140 3725//140 3727//141
f 3726//140 3727//141 3728//141
f 3728//141 3727//141 3729//142
f 3728//141 3729//142 3730//142
f 3730//142 3729//142 3731//143
f 3730//142 3731//143 3732//133
f 3732//133 3731//143 3733//135
s 0
f 3734//144 3735//144 3736//144
f 3736//144 3735//144 3737//144
f 3738//9 3739//9 3740//9
f 3740//9 3739//9 3741//9
f 3742//2 3743//2 3744//2
f 3744//2 3743//2 3745//2
f 3744//2 3745//2 3746//2
f 3746//2 3745//2 3747//2
f 3746//2 3747//2 3748//2
f 3748//2 3747//2 3749//2
f 3748//2 3749//2 3750//2
f 3750//2 3749//2 3751//2
f 3752//2 3753//2 3754//2
f 3754//2 3753//2 3755//2
f 3754//2 3755//2 3756//2
f 3756//2 3755//2 3757//2
f 3756//2 3757//2 3758//2
f 3758//2 3757//2 3759//2
f 3758//2 3759//2 3760//2
f 3760//2 3759//2 3761//2
f 3760//2 3761//2 3762//2
f 3762//2 3761//2 3763//2
f 3762//2 3763//2 3764//2
f 3764//2 3763//2 3765//2
f 3764//2 3765//2 3766//2
f 3766//2 3765//2 3767//2
f 3766//2 3767//2 3768//2
f 3768//2 3767//2 3769//2
f 3768//2 3769//2 3770//2
f 3770//2 3769//2 3771//2
f 3770//2 3771//2 3772//2
f 3772//2 3771//2 3773//2
f 3772//2 3773//2 3774//2
f 3775//14 3776//14 3777//14
f 3777//14 3776//14 3778//14
s 1
f 3779//145 3780//146 3781//146
f 3782//146 3783//147 3784//145
f 3784//145 3783//147 3785//148
f 3784//145 3785//148 3786//148
f 3786//148 3785//148 3787//149
f 3786//148 3787//149 3788//149
f 3788//149 3787//149 3789//150
f 3788//149 3789//150 3790//150
f 3790//150 3789//150 3791//151
f 3790//150 3791//151 3792//152
f 3792//152 3791//151 3793//153
f 3792//152 3793//153 3794//153
f 3794//153 3793//153 3795//154
f 3794//153 3795//154 3796//155
f 3796//155 3795//154 3797//156
f 3796//155 3797//156 3798//156
f 3798//156 3797//156 3799//157
f 3798//156 3799//157 3800//157
f 3801//15 3802//15 3803//56
f 3803//56 3802//15 3804//56
f 3803//56 3804//56 3805//57
f 3805//57 3804//56 3806//57
f 3805//57 3806//57 3807//58
f 3807//58 3806//57 3808//58
f 3807//58 3808//58 3809//59
f 3809//59 3808//58 3810//59
f 3809//59 3810//59 3811//60
f 3811//60 3810//59 3812//60
f 3811//60 3812//60 3813//9
f 3813//9 3812//60 3814//9
f 3813//9 3814//9 3815//61
f 3815//61 3814//9 3816//61
f 3815//61 3816//61 3817//62
f 3817//62 3816//61 3818//62
f 3817//62 3818//62 3819//63
f 3819//63 3818//62 3820//63
f 3819//63 3820//63 3821//64
f 3821//64 3820//63 3822//64
f 3821//64 3822//64 3823//65
f 3823//65 3822//64 3824//65
f 3823//65 3824//65 3825//14
f 3825//14 3824//65 3826//14
f 3825//14 3826//14 3827//46
f 3827//46 3826//14 3828//46
f 3827//46 3828//46 3829//47
f 3829//47 3828//46 3830//47
f 3829//47 3830//47 3831//48
f 3831//48 3830//47 3832//48
f 3831//48 3832//48 3833//49
f 3833//49 3832//48 3834//49
f 3833//49 3834//49 3835//50
f 3835//50 3834//49 3836//50
f 3835//50 3836//50 3837//12
f 3837//12 3836//50 3838//12
f 3837//12 3838//12 3839//51
f 3839//51 3838//12 3840//51
f 3839//51 3840//51 3841//52
f 3841//52 3840//51 3842//52
f 3841//52 3842//52 3843//53
f 3843//53 3842//52 3844//53
f 3843//53 3844//53 3845//54
f 3845//54 3844//53 3846//54
f 3845//54 3846//54 3847//55
f 3847//55 3846//54 3848//55
f 3847//55 3848//55 3849//15
f 3849//15 3848//55 3850//15
s 0
f 3851//2 3852//2 3853//2
f 3853//2 3852//2 3854//2
f 3853//2 3854//2 3855//2
f 3856//2 3857//2 3858//2
f 3858//2 3857//2 3859//2
f 3858//2 3859//2 3860//2
f 3861//2 3862//2 3863//2
f 3863//2 3862//2 3864//2
f 3863//2 3864//2 3865//2
f 3866//2 3867//2 3868//2
f 3868//2 3867//2 3869//2
f 3868//2 3869//2 3870//2
f 3871//2 3872//2 3873//2
f 3873//2 3872//2 3874//2
f 3873//2 3874//2 3875//2
f 3876//2 3877//2 3878//2
f 3878//2 3877//2 3879//2
f 3878//2 3879//2 3880//2
f 3881//2 3882//2 3883//2
f 3883//2 3882//2 3884//2
f 3883//2 3884//2 3885//2
f 3886//2 3887//2 3888//2
f 3888//2 3887//2 3889//2
f 3888//2 3889//2 3890//2
s 1
f 3891//15 3892//15 3893//56
f 3893//56 3892//15 3894//56
f 3893//56 3894//56 3895//57
f 3895//57 3894//56 3896//57
f 3895//57 3896//57 3897//58
f 3897//58 3896//57 3898//58
f 3897//58 3898//58 3899//59
f 3899//59 3898//58 3900//59
f 3899//59 3900//59 3901//60
f 3901//60 3900//59 3902//60
f 3901//60 3902//60 3903//9
f 3903//9 3902//60 3904//9
f 3903//9 3904//9 3905//61
f 3905//61 3904//9 3906//61
f 3905//61 3906//61 3907//62
f 3907//62 3906//61 3908//62
f 3907//62 3908//62 3909//63
f 3909//63 3908//62 3910//63
f 3909//63 3910//63 3911//64
f 3911//64 3910//63 3912//64
f 3911//64 3912//64 3913//65
f 3913//65 3912//64 3914//65
f 3913//65 3914//65 3915//14
f 3915//14 3914//65 3916//14
f 3915//14 3916//14 3917//46
f 3917//46 3916//14 3918//46
f 3917//46 3918//46 3919//47
f 3919//47 3918//46 3920//47
f 3919//47 3920//47 3921//48
f 3921//48 3920//47 3922//48
f 3921//48 3922//48 3923//49
f 3923//49 3922//48 3924//49
f 3923//49 3924//49 3925//50
f 3925//50 3924//49 3926//50
f 3925//50 3926//50 3927//12
f 3927//12 3926//50 3928//12
f 3927//12 3928//12 3929//51
f 3929//51 3928//12 3930//51
f 3929//51 3930//51 3931//52
f 3931//52 3930//51 3932//52
f 3931//52 3932//52 3933//53
f 3933//53 3932//52 3934//53
f 3933//53 3934//53 3935//54
f 3935//54 3934//53 3936//54
f 3935//54 3936//54 3937//55
f 3937//55 3936//54 3938//55
f 3937//55 3938//55 3939//15
f 3939//15 3938//55 3940//15
s 0
f 3941//2 3942//2 3943//2
f 3943//2 3942//2 3944//2
f 3943//2 3944//2 3945//2
f 3946//2 3947//2 3948//2
f 3948//2 3947//2 3949//2
f 3948//2 3949//2 3950//2
f 3951//2 3952//2 3953//2
f 3953//2 3952//2 3954//2
f 3953//2 3954//2 3955//2
f 3956//2 3957//2 3958//2
f 3958//2 3957//2 3959//2
f 3958//2 3959//2 3960//2
f 3961//2 3962//2 3963//2
f 3963//2 3962//2 3964//2
f 3963//2 3964//2 3965//2
f 3966//2 3967//2 3968//2
f 3968//2 3967//2 3969//2
f 3968//2 3969//2 3970//2
f 3971//2 3972//2 3973//2
f 3973//2 3972//2 3974//2
f 3973//2 3974//2 3975//2
f 3976//2 3977//2 3978//2
f 3978//2 3977//2 3979//2
f 3978//2 3979//2 3980//2
s 1
f 3981//15 3982//15 3983//56
f 3983//56 3982//15 3984//56
f 3983//56 3984//56 3985//57
f 3985//57 3984//56 3986//57
f 3985//57 3986//57 3987//58
f 3987//58 3986//57 3988//58
f 3987//58 3988//58 3989//59
f 3989//59 3988//58 3990//59
f 3989//59 3990//59 3991//60
f 3991//60 3990//59 3992//60
f 3991//60 3992//60 3993//9
f 3993//9 3992//60 3994//9
f 3993//9 3994//9 3995//61
f 3995//61 3994//9 3996//61
f 3995//61 3996//61 3997//62
f 3997//62 3996//61 3998//62
f 3997//62 3998//62 3999//63
f 3999//63 3998//62 4000//63
f 3999//63 4000//63 4001//64
f 4001//64 4000//63 4002//64
f 4001//64 4002//64 4003//65
f 4003//65 4002//64 4004//65
f 4003//65 4004//65 4005//14
f 4005//14 4004//65 4006//14
f 4005//14 4006//14 4007//46
f 4007//46 4006//14 4008//46
f 4007//46 4008//46 4009//47
f 4009//47 4008//46 4010//47
f 4009//47 4010//47 4011//48
f 4011//48 4010//47 4012//48
f 4011//48 4012//48 4013//49
f 4013//49 4012//48 4014//49
f 4013//49 4014//49 4015//50
f 4015//50 4014//49 4016//50
f 4015//50 4016//50 4017//12
f 4017//12 4016//50 4018//12
f 4017//12 4018//12 4019//51
f 4019//51 4018//12 4020//51
f 4019//51 4020//51 4021//52
f 4021//52 4020//51 4022//52
f 4021//52 4022//52 4023//53
f 4023//53 4022//52 4024//53
f 4023//53 4024//53 4025//54
f 4025//54 4024//53 4026//54
f 4025//54 4026//54 4027//55
f 4027//55 4026//54 4028//55
f 4027//55 4028//55 4029//15
f 4029//15 4028//55 4030//15
s 0
f 4031//2 4032//2 4033//2
f 4033//2 4032//2 4034//2
f 4033//2 4034//2 4035//2
f 4036//2 4037//2 4038//2
f 4038//2 4037//2 4039//2
f 4038//2 4039//2 4040//2
f 4041//2 4042//2 4043//2
f 4043//2 4042//2 4044//2
f 4043//2 4044//2 4045//2
f 4046//2 4047//2 4048//2
f 4048//2 4047//2 4049//2
f 4048//2 4049//2 4050//2
f 4051//2 4052//2 4053//2
f 4053//2 4052//2 4054//2
f 4053//2 4054//2 4055//2
f 4056//2 4057//2 4058//2
f 4058//2 4057//2 4059//2
f 4058//2 4059//2 4060//2
f 4061//2 4062//2 4063//2
f 4063//2 4062//2 4064//2
f 4063//2 4064//2 4065//2
f 4066//2 4067//2 4068//2
f 4068//2 4067//2 4069//2
f 4068//2 4069//2 4070//2
usemtl clear_thick_glass
f 4071//112 4072//112 4073//112
f 4073//112 4072//112 4074//112
f 4073//112 4074//112 4075//112
f 4076//12 4077//12 4078//12
f 4078//12 4077//12 4079//12
f 4080//14 4081//14 4082//14
f 4082//14 4081//14 4083//14
f 4084//9 4085//9 4086//9
f 4086//9 4085//9 4087//9
f 4088//111 4089//111 4090//111
f 4090//111 4089//111 4091//111
f 4092//9 4093//9 4094//9
f 4095//9 4096//9 4097//9
f 4098//9 4099//9 4100//9
f 4100//9 4099//9 4101//9
f 4100//9 4101//9 4102//9
f 4102//9 4101//9 4103//9
f 4102//9 4103//9 4104//9
f 4105//144 4106//144 4107//144
f 4107//144 4106//144 4108//144
f 4107//144 4108//144 4109//144
s 1
f 4110//15 4111//15 4112//158
f 4113//15 4114//159 4115//159
f 4115//159 4114//159 4116//160
f 4115//159 4116//160 4117//160
f 4117//160 4116//160 4118//161
f 4117//160 4118//161 4119//161
f 4119//161 4118//161 4120//162
f 4119//161 4120//162 4121//162
f 4121//162 4120//162 4122//163
f 4121//162 4122//163 4123//163
f 4123//163 4122//163 4124//164
f 4123//163 4124//164 4125//164
s 0
f 4126//12 4127//12 4128//12
f 4129//12 4130//12 4131//12
f 4131//12 4130//12 4132//12
f 4133//12 4134//12 4135//12
f 4135//12 4134//12 4136//12
f 4135//12 4136//12 4137//12
f 4137//12 4136//12 4138//12
f 4137//12 4138//12 4139//12
f 4140//14 4141//14 4142//14
f 4142//14 4141//14 4143//14
f 4144//9 4145//9 4146//9
f 4146//9 4145//9 4147//9
f 4148//9 4149//9 4150//9
f 4150//9 4149//9 4151//9
f 4150//9 4151//9 4152//9
s 1
f 4153//165 4154//165 4155//166
f 4156//165 4157//167 4158//167
f 4158//167 4157//167 4159//168
f 4158//167 4159//168 4160//168
f 4160//168 4159//168 4161//169
f 4160//168 4161//169 4162//169
f 4162//169 4161//169 4163//170
f 4162//169 4163//170 4164//170
f 4164//170 4163//170 4165//171
f 4164//170 4165//171 4166//171
f 4166//171 4165//171 4167//172
f 4166//171 4167//172 4168//172
s 0
f 4169//113 4170//113 4171//113
f 4171//113 4170//113 4172//113
f 4171//113 4172//113 4173//113
f 4174//12 4175//12 4176//12
f 4176//12 4175//12 4177//12
f 4178//1 4179//1 4180//1
f 4180//1 4179//1 4181//1
f 4180//1 4181//1 4182//1
f 4182//1 4181//1 4183//1
f 4182//1 4183//1 4184//1
f 4184//1 4183//1 4185//1
f 4184//1 4185//1 4186//1
f 4186//1 4185//1 4187//1
f 4186//1 4187//1 4188//1
f 4189//1 4190//1 4191//1
f 4191//1 4190//1 4192//1
f 4191//1 4192//1 4193//1
f 4194//1 4195//1 4196//1
f 4196//1 4195//1 4197//1
f 4196//1 4197//1 4198//1
f 4198//1 4197//1 4199//1
f 4198//1 4199//1 4200//1
f 4200//1 4199//1 4201//1
f 4200//1 4201//1 4202//1
f 4202//1 4201//1 4203//1
f 4202//1 4203//1 4204//1
f 4204//1 4203//1 4205//1
usemtl clear_glass
f 4206//9 4207//9 4208//9
f 4209//9 4210//9 4211//9
f 4211//9 4210//9 4212//9
f 4211//9 4212//9 4213//9
f 4214//9 4215//9 4216//9
f 4216//9 4215//9 4217//9
f 4216//9 4217//9 4218//9
f 4218//9 4217//9 4219//9
f 4218//9 4219//9 4220//9
f 4221//12 4222//12 4223//12
f 4224//12 4225//12 4226//12
f 4226//12 4225//12 4227//12
f 4226//12 4227//12 4228//12
f 4228//12 4227//12 4229//12
f 4230//12 4231//12 4232//12
f 4232//12 4231//12 4233//12
f 4232//12 4233//12 4234//12
